# Converted from OBJX to OBJ
mtllib sample_jt_1.mtl

# Model: bnc
o bnc
v 0.221374 0.538613 1.017418
v 0.221374 0.538613 1.017418
v 0.221374 -0.061415 0.490029
v 0.221374 0.538613 0.490029
v 0.221374 -0.061415 0.844444
v 0.221374 -0.061415 0.844444
v -0.136221 0.178596 1.017418
v -0.136221 0.178596 1.017418
v 0.221374 -0.061415 0.844444
v 0.221374 -0.061415 0.844444
v 0.221374 -0.061415 0.844444
v 0.221374 0.538613 1.017418
v 0.221374 0.538613 1.017418
v -0.136221 0.178596 1.017418
v -0.136221 0.178596 1.017418
v -0.136221 0.178596 1.017418
v -0.136221 0.178596 1.017418
v -0.136221 0.178596 1.017418
v 0.221374 0.538613 0.490029
v 0.221374 0.538613 0.490029
v -0.136221 0.178596 0.549300
v -0.136221 0.178596 0.549300
v 0.221374 0.538613 0.490029
v 0.221374 0.538613 0.490029
v 0.221374 0.538613 0.490029
v 0.221374 -0.061415 0.490029
v -0.136221 0.178596 0.549300
v 0.221374 -0.061415 0.844444
v 0.221374 -0.061415 0.844444
v 0.221374 -0.061415 0.844444
v 0.221374 -0.061415 0.844444
v -0.136221 0.178596 1.017418
v -0.136221 0.178596 1.017418
v -0.136221 0.178596 1.017418
v -0.136221 0.178596 1.017418
v -0.136221 0.178596 1.017418
v -0.136221 0.178596 1.017418
v -0.136221 0.178596 1.017418
v -0.136221 0.178596 1.017418
v -0.136221 0.178596 1.017418
v -0.136221 0.178596 1.017418
v -0.136221 0.178596 1.017418
v -0.136221 0.178596 1.017418
v -0.136221 0.178596 1.017418
v -0.136221 0.178596 1.017418
v -0.136221 0.529482 1.017418
v -0.136221 0.529482 0.490029
v -0.136221 0.529482 1.017418
v -0.136221 0.178596 1.017418
v -0.136221 0.178596 1.017418
v -0.136221 0.529482 1.017418
v 0.221374 0.538613 1.017418
v 0.221374 0.538613 1.017418
v 0.221374 0.538613 1.017418
v 0.221374 0.538613 1.017418
v 0.221374 0.538613 1.017418
v 0.221374 0.538613 1.017418
v 0.221374 0.538613 1.017418
v 0.221374 0.538613 1.017418
v 0.221374 0.538613 1.017418
v 0.221374 0.538613 1.017418
v 0.221374 -0.061415 0.844444
v 0.221374 -0.061415 0.844444
v 0.221374 -0.061415 0.844444
v 0.221374 -0.061415 0.844444
v 0.221374 -0.061415 0.844444
v 0.221374 -0.061415 0.844444
v 0.221374 -0.061415 0.844444
v 0.221374 -0.061415 0.844444
v 0.221374 -0.061415 0.844444
v -0.136221 0.178596 1.017418
v 0.221374 -0.061415 0.844444
v -0.136221 0.178596 1.017418
v -0.136221 0.178596 1.017418
v 0.221374 -0.061415 0.490029
v 0.221374 -0.061415 0.490029
v 0.221374 -0.061415 0.490029
v 0.221374 -0.061415 0.490029
v 0.221374 -0.061415 0.490029
v 0.221374 -0.061415 0.844444
v 0.221374 -0.061415 0.490029
v 0.221374 -0.061415 0.490029
v 0.221374 -0.061415 0.844444
v 0.221374 -0.061415 0.490029
v 0.221374 -0.061415 0.844444
v 0.221374 -0.061415 0.490029
v 0.221374 -0.061415 0.844444
v 0.221374 -0.061415 0.490029
v 0.221374 -0.061415 0.844444
v 0.221374 -0.061415 0.844444
v 0.221374 -0.061415 0.490029
v 0.221374 0.538613 1.017418
v 0.221374 0.538613 1.017418
v 0.221374 0.538613 1.017418
v 0.221374 0.538613 1.017418
v 0.221374 0.538613 1.017418
v 0.221374 0.538613 1.017418
v 0.221374 0.538613 1.017418
v 0.221374 0.538613 1.017418
v -0.136221 0.178596 1.017418
v -0.136221 0.178596 1.017418
v -0.136221 0.178596 1.017418
v -0.136221 0.178596 1.017418
v -0.136221 0.178596 1.017418
v -0.136221 0.178596 1.017418
v -0.136221 0.178596 1.017418
v -0.136221 0.178596 1.017418
v -0.136221 0.178596 1.017418
v -0.136221 0.178596 1.017418
v -0.136221 0.178596 1.017418
v -0.136221 0.178596 1.017418
v -0.136221 0.178596 1.017418
v -0.136221 0.178596 1.017418
v -0.136221 0.178596 1.017418
v -0.136221 0.178596 1.017418
v 0.221374 -0.061415 0.844444
v -0.136221 0.178596 1.017418
v -0.136221 0.178596 1.017418
v 0.221374 -0.061415 0.844444
v -0.136221 0.178596 1.017418
v -0.136221 0.178596 1.017418
v -0.136221 0.178596 1.017418
v -0.136221 0.178596 1.017418
v -0.136221 0.178596 1.017418
v -0.136221 0.178596 1.017418
v -0.136221 0.178596 1.017418
v -0.136221 0.178596 1.017418
v -0.136221 0.178596 1.017418
v -0.136221 0.178596 1.017418
v -0.136221 0.178596 1.017418
v -0.136221 0.178596 1.017418
v -0.136221 0.178596 1.017418
v -0.136221 0.178596 1.017418
v -0.136221 0.178596 1.017418
v -0.136221 0.178596 1.017418
v -0.136221 0.178596 1.017418
v -0.136221 0.178596 1.017418
v -0.136221 0.178596 1.017418
v -0.136221 0.178596 1.017418
v -0.136221 0.178596 1.017418
v -0.136221 0.178596 1.017418
v -0.136221 0.178596 1.017418
v -0.136221 0.178596 1.017418
v -0.136221 0.178596 1.017418
v -0.136221 0.178596 1.017418
v -0.136221 0.178596 1.017418
v -0.136221 0.178596 1.017418
v -0.136221 0.178596 1.017418
v -0.136221 0.178596 1.017418
v 0.221374 -0.061415 0.844444
v 0.221374 -0.061415 0.844444
v 0.221374 -0.061415 0.844444
v 0.221374 -0.061415 0.844444
v 0.221374 -0.061415 0.844444
v 0.221374 -0.061415 0.844444
v 0.221374 -0.061415 0.844444
v 0.221374 0.538613 1.017418
v 0.221374 0.538613 1.017418
v 0.221374 0.538613 1.017418
v 0.221374 0.538613 1.017418
v 0.221374 0.538613 1.017418
v 0.221374 0.538613 1.017418
v 0.221374 0.538613 1.017418
v 0.221374 0.538613 1.017418
v -0.136221 0.178596 1.017418
v -0.136221 0.178596 1.017418
v -0.136221 0.178596 1.017418
v 0.221374 0.538613 0.490029
v 0.221374 0.538613 0.490029
v 0.221374 0.538613 0.490029
v 0.221374 0.538613 0.490029
v 0.221374 0.538613 0.490029
v 0.221374 0.538613 0.490029
v 0.221374 0.538613 0.490029
v 0.221374 0.538613 0.490029
v 0.221374 0.538613 0.490029
v 0.221374 0.538613 0.490029
v -0.136221 0.178596 0.549300
v -0.136221 0.178596 0.549300
v -0.136221 0.178596 0.549300
v -0.136221 0.178596 0.549300
v -0.136221 0.178596 0.549300
v -0.136221 0.178596 0.549300
v -0.136221 0.178596 0.549300
v -0.136221 0.178596 0.549300
v -0.136221 0.178596 0.549300
v -0.136221 0.178596 0.549300
v -0.136221 0.178596 0.549300
v -0.136221 0.178596 0.549300
v -0.136221 0.178596 0.549300
v -0.136221 0.178596 0.549300
v -0.136221 0.178596 0.549300
v -0.136221 0.178596 0.549300
v -0.136221 0.178596 0.549300
v -0.136221 0.178596 0.549300
v -0.136221 0.529482 1.017418
v -0.136221 0.529482 1.017418
v -0.136221 0.529482 1.017418
v -0.136221 0.529482 1.017418
v 0.221374 -0.061415 0.490029
v 0.221374 -0.061415 0.490029
v 0.221374 -0.061415 0.490029
v 0.221374 -0.061415 0.490029
v 0.221374 -0.061415 0.490029
v 0.221374 -0.061415 0.490029
v 0.221374 -0.061415 0.490029
v 0.221374 -0.061415 0.490029
v 0.221374 -0.061415 0.490029
v 0.221374 -0.061415 0.490029
v 0.221374 -0.061415 0.490029
v 0.221374 -0.061415 0.490029
v -0.136221 0.178596 0.549300
v -0.136221 0.178596 0.549300
v -0.136221 0.178596 0.549300
v -0.136221 0.178596 0.549300
v -0.136221 0.178596 0.549300
v -0.136221 0.178596 0.549300
v -0.136221 0.529482 0.490029
v -0.136221 0.529482 0.490029
v -0.136221 0.529482 0.490029
v -0.136221 0.529482 0.490029
v -0.136221 0.529482 0.490029
v 0.221374 0.538613 0.490029
v 0.221374 0.538613 0.490029
v 0.221374 0.538613 0.490029
v 0.221374 0.538613 0.490029
v 0.221374 0.538613 0.490029
v 0.221374 0.538613 0.490029
v 0.221374 0.538613 0.490029
v 0.221374 0.538613 0.490029
v -0.136221 0.178596 0.549300
v -0.136221 0.178596 0.549300
v -0.136221 0.178596 0.549300
v -0.136221 0.178596 0.549300
v -0.136221 0.178596 0.549300
v -0.136221 0.178596 0.549300
v -0.136221 0.178596 0.549300
v -0.136221 0.178596 0.549300
v -0.136221 0.178596 0.549300
v 0.221374 0.538613 0.490029
v 0.221374 0.538613 0.490029
v 0.221374 0.538613 0.490029
v 0.221374 -0.061415 0.490029
v 0.221374 -0.061415 0.490029
v 0.221374 -0.061415 0.490029
v 0.221374 -0.061415 0.490029
v -0.136221 0.178596 0.549300
v -0.136221 0.178596 0.549300
v -0.136221 0.178596 0.549300
v -0.136221 0.178596 0.549300
v -0.136221 0.178596 0.549300
v -0.136221 0.178596 0.549300
v -0.136221 0.178596 0.549300
v -0.136221 0.178596 0.549300
v -0.136221 0.178596 0.549300
v -0.136221 0.178596 0.549300
v -0.136221 0.178596 0.549300
v -0.136221 0.178596 0.549300
v -0.136221 0.178596 0.549300
v -0.136221 0.178596 0.549300
v -0.136221 0.178596 0.549300
v -0.136221 0.178596 0.549300
v -0.136221 0.529482 0.490029
v 0.221374 0.538613 0.490029
v 0.221374 0.538613 0.490029
v 0.221374 0.538613 0.490029
v 0.221374 0.538613 0.490029
v 0.221374 0.538613 0.490029
v 0.221374 0.538613 0.490029
v 0.221374 0.538613 0.490029
v 0.221374 0.538613 0.490029
v 0.221374 0.538613 0.490029
v 0.221374 0.538613 0.490029
v 0.221374 0.538613 0.490029
v 0.221374 0.538613 0.490029
v 0.221374 -0.061415 0.490029
v 0.221374 -0.061415 0.490029
v 0.221374 -0.061415 0.490029
v 0.221374 -0.061415 0.490029
v 0.221374 -0.061415 0.490029
v 0.221374 -0.061415 0.490029
v -0.136221 0.178596 0.549300
v -0.136221 0.178596 0.549300
v -0.136221 0.178596 0.549300
v -0.136221 0.178596 0.549300
v -0.136221 0.178596 0.549300
v -0.136221 0.178596 0.549300
v -0.136221 0.178596 0.549300
v -0.136221 0.178596 0.549300
v -0.136221 0.529482 0.490029
v -0.136221 0.529482 0.490029
v 0.221374 0.538613 0.490029
v 0.221374 0.538613 0.490029
v 0.221374 0.538613 0.490029
v 0.221374 0.538613 0.490029
v 0.221374 0.538613 0.490029
v 0.221374 0.538613 0.490029
v 0.221374 0.538613 0.490029
v 0.221374 -0.061415 0.490029
v 0.221374 -0.061415 0.490029
v 0.221374 -0.061415 0.490029
v 0.221374 -0.061415 0.490029
v 0.221374 -0.061415 0.490029
v 0.221374 -0.061415 0.490029
v 0.221374 -0.061415 0.490029
v 0.221374 -0.061415 0.490029
v 0.221374 -0.061415 0.490029
v 0.221374 -0.061415 0.490029
v 0.221374 -0.061415 0.490029
v -0.136221 0.178596 0.549300
v -0.136221 0.178596 0.549300
v -0.136221 0.178596 0.549300
v -0.136221 0.178596 0.549300
v -0.136221 0.178596 0.549300
v -0.136221 0.178596 0.549300
v -0.136221 0.178596 0.549300
v -0.136221 0.178596 0.549300
v -0.136221 0.529482 0.490029
v -0.136221 0.529482 0.490029
v -0.136221 0.529482 0.490029
v -0.136221 0.178596 0.549300
v -0.136221 0.178596 0.549300
v -0.136221 0.178596 0.549300
v -0.136221 0.178596 0.549300
v -0.136221 0.178596 0.549300
v -0.136221 0.178596 0.549300
v -0.136221 0.178596 0.549300
v -0.136221 0.178596 0.549300
v -0.136221 0.529482 0.490029
v -0.136221 0.529482 0.490029
v -0.136221 0.529482 0.490029
v -0.136221 0.529482 0.490029
v -0.136221 0.529482 0.490029
v -0.136221 0.529482 0.490029
v -0.136221 0.529482 0.490029
v -0.136221 0.529482 0.490029
v -0.136221 0.178596 0.549300
v -0.136221 0.178596 0.549300
v -0.136221 0.178596 0.549300
v -0.136221 0.178596 0.549300
v -0.136221 0.178596 0.549300
v -0.136221 0.178596 0.549300
v -0.136221 0.178596 0.549300
v -0.136221 0.178596 0.549300
v 0.221374 0.538613 0.490029
v 0.221374 0.538613 0.490029
v 0.221374 0.538613 0.490029
v 0.221374 -0.061415 0.490029
v 0.221374 -0.061415 0.490029
v 0.221374 -0.061415 0.490029
v 0.221374 -0.061415 0.490029
v 0.221374 -0.061415 0.490029
v 0.221374 -0.061415 0.490029
v 0.221374 -0.061415 0.490029
v 0.221374 -0.061415 0.490029
v 0.221374 -0.061415 0.490029
v 0.221374 -0.061415 0.490029
v 0.221374 -0.061415 0.490029
v 0.221374 -0.061415 0.490029
v 0.221374 -0.061415 0.490029
v 0.221374 -0.061415 0.490029
v 0.221374 -0.061415 0.490029
v 0.221374 -0.061415 0.490029
v 0.221374 -0.061415 0.490029
v 0.221374 -0.061415 0.490029
v 0.221374 0.538613 0.490029
v 0.221374 0.538613 0.490029
v 0.221374 0.538613 0.490029
v 0.221374 0.538613 0.490029
v 0.221374 -0.061415 0.490029
v -0.136221 0.178596 0.549300
v -0.136221 0.178596 0.549300
v -0.136221 0.178596 0.549300
v -0.136221 0.178596 0.549300
v -0.136221 0.178596 0.549300
v -0.136221 0.178596 0.549300
v 0.221374 0.538613 0.490029
v 0.221374 0.538613 0.490029
v 0.221374 0.538613 1.017418
v 0.221374 0.538613 1.017418
v 0.221374 0.538613 1.017418
v 0.221374 0.538613 1.017418
v 0.221374 0.538613 1.017418
v 0.221374 0.538613 1.017418
v -0.136221 0.529482 1.017418
v -0.136221 0.529482 1.017418
v -0.136221 0.529482 1.017418
v -0.136221 0.178596 1.017418
v -0.136221 0.529482 1.017418
v -0.136221 0.178596 1.017418
v -0.136221 0.178596 1.017418
v -0.136221 0.178596 1.017418
v -0.136221 0.178596 1.017418
v -0.136221 0.178596 1.017418
v -0.136221 0.178596 1.017418
v -0.136221 0.178596 1.017418
v -0.136221 0.178596 1.017418
v -0.136221 0.178596 1.017418
v -0.136221 0.178596 1.017418
v -0.136221 0.178596 1.017418
v -0.136221 0.178596 1.017418
v 0.221374 -0.061415 0.844444
v 0.221374 -0.061415 0.844444
v 0.221374 -0.061415 0.844444
v 0.221374 -0.061415 0.844444
v 0.221374 -0.061415 0.844444
v 0.221374 -0.061415 0.844444
v 0.221374 -0.061415 0.844444
v 0.221374 -0.061415 0.844444
v 0.221374 -0.061415 0.844444
v 0.221374 0.538613 1.017418
v -0.136221 0.178596 0.549300
v 0.221374 -0.061415 0.844444
v 0.221374 0.538613 1.017418
v -0.136221 0.178596 1.017418
v 0.221374 0.538613 1.017418
v 0.221374 0.538613 1.017418
v 0.221374 -0.061415 0.844444
v 0.221374 -0.061415 0.844444
v 0.221374 -0.061415 0.844444
v 0.221374 -0.061415 0.844444
v 0.221374 -0.061415 0.844444
v 0.221374 -0.061415 0.844444
v -0.136221 0.529482 1.017418
v -0.136221 0.178596 1.017418
v -0.136221 0.529482 1.017418
v 0.221374 0.538613 1.017418
v 0.221374 0.538613 1.017418
v 0.221374 0.538613 1.017418
v 0.221374 0.538613 1.017418
v 0.221374 0.538613 1.017418
v 0.221374 0.538613 1.017418
v 0.221374 0.538613 1.017418
v 0.221374 0.538613 1.017418
v 0.221374 0.538613 1.017418
v 0.221374 0.538613 1.017418
v 0.221374 0.538613 1.017418
v 0.221374 0.538613 1.017418
v 0.221374 0.538613 1.017418
v 0.221374 0.538613 1.017418
v 0.221374 0.538613 1.017418
v 0.221374 0.538613 1.017418
v 0.221374 0.538613 1.017418
v 0.221374 0.538613 1.017418
v 0.221374 0.538613 1.017418
v 0.221374 0.538613 1.017418
v 0.221374 0.538613 1.017418
v 0.221374 0.538613 1.017418
v 0.221374 0.538613 1.017418
v 0.221374 -0.061415 0.844444
v -0.136221 0.178596 1.017418
v 0.221374 -0.061415 0.844444
v 0.221374 -0.061415 0.844444
v -0.136221 0.178596 1.017418
v 0.221374 -0.061415 0.490029
v 0.221374 -0.061415 0.490029
v 0.221374 -0.061415 0.490029
v 0.221374 -0.061415 0.490029
v 0.221374 -0.061415 0.490029
v 0.221374 -0.061415 0.490029
v 0.221374 -0.061415 0.490029
v 0.221374 -0.061415 0.490029
v 0.221374 -0.061415 0.490029
v 0.221374 -0.061415 0.490029
v 0.221374 -0.061415 0.844444
v 0.221374 -0.061415 0.490029
v 0.221374 -0.061415 0.844444
v 0.221374 -0.061415 0.490029
v 0.221374 -0.061415 0.490029
v 0.221374 -0.061415 0.490029
v 0.221374 -0.061415 0.490029
v 0.221374 -0.061415 0.490029
v 0.221374 0.538613 0.490029
v -0.136221 0.178596 0.207996
v 0.221374 -0.061415 0.490029
v 0.221374 0.538613 1.017418
v 0.221374 0.538613 1.017418
v 0.221374 -0.061415 0.844444
v 0.221374 0.538613 1.017418
v 0.221374 -0.061415 0.844444
v 0.221374 0.538613 1.017418
v 0.221374 -0.061415 0.844444
v 0.221374 -0.061415 0.844444
v 0.221374 -0.061415 0.844444
v 0.221374 -0.061415 0.844444
v 0.221374 -0.061415 0.490029
v 0.221374 -0.061415 0.490029
v 0.221374 -0.061415 0.490029
v 0.221374 -0.061415 0.490029
v 0.221374 -0.061415 0.490029
v 0.221374 -0.061415 0.490029
v 0.221374 -0.061415 0.490029
v 0.221374 -0.061415 0.490029
v 0.221374 -0.061415 0.490029
v 0.221374 -0.061415 0.490029
v 0.221374 -0.061415 0.490029
v 0.221374 -0.061415 0.490029
v 0.221374 -0.061415 0.490029
v 0.221374 -0.061415 0.490029
v 0.221374 -0.061415 0.490029
v 0.221374 -0.061415 0.490029
v 0.221374 -0.061415 0.490029
v 0.221374 -0.061415 0.490029
v 0.221374 -0.061415 0.490029
v 0.221374 -0.061415 0.490029
v 0.221374 -0.061415 0.490029
v 0.221374 -0.061415 0.490029
v 0.221374 -0.061415 0.490029
v 0.221374 -0.061415 0.490029
v 0.221374 -0.061415 0.490029
v 0.221374 -0.061415 0.490029
v 0.221374 -0.061415 0.490029
v 0.221374 -0.061415 0.490029
v 0.221374 -0.061415 0.490029
v 0.221374 -0.061415 0.490029
v 0.221374 -0.061415 0.490029
v 0.221374 -0.061415 0.490029
v 0.221374 -0.061415 0.490029
v 0.221374 -0.061415 0.490029
v 0.221374 0.538613 0.490029
v 0.221374 -0.061415 0.490029
v 0.221374 -0.061415 0.490029
v 0.221374 -0.061415 0.490029
v 0.221374 -0.061415 0.490029
v 0.221374 -0.061415 0.490029
v -0.136221 0.178596 0.207996
v 0.221374 -0.061415 0.490029
v 0.221374 -0.061415 0.490029
v 0.221374 -0.061415 0.490029
v 0.221374 -0.061415 0.490029
v 0.221374 -0.061415 0.490029
v 0.221374 -0.061415 0.490029
v 0.221374 -0.061415 0.490029
v 0.221374 -0.061415 0.490029
v 0.221374 -0.061415 0.490029
v 0.221374 -0.061415 0.490029
v 0.221374 -0.061415 0.490029
v 0.221374 -0.061415 0.490029
v 0.221374 -0.061415 0.490029
v 0.221374 -0.061415 0.490029
v 0.221374 -0.061415 0.490029
v 0.221374 -0.061415 0.490029
v 0.221374 -0.061415 0.490029
v 0.221374 -0.061415 0.490029
v 0.221374 -0.061415 0.490029
v 0.221374 -0.061415 0.490029
v 0.221374 -0.061415 0.490029
v 0.221374 -0.061415 0.490029
v 0.221374 -0.061415 0.490029
v 0.221374 -0.061415 0.490029
v 0.221374 -0.061415 0.490029
v 0.221374 -0.061415 0.490029
v 0.221374 -0.061415 0.490029
v 0.221374 -0.061415 0.490029
v 0.221374 -0.061415 0.490029
v 0.221374 -0.061415 0.490029
v 0.221374 -0.061415 0.490029
v 0.221374 -0.061415 0.490029
v 0.221374 -0.061415 0.490029
v 0.221374 -0.061415 0.490029
v 0.221374 -0.061415 0.490029
v 0.221374 -0.061415 0.490029
v 0.221374 -0.061415 0.490029
v 0.221374 -0.061415 0.490029
v 0.221374 -0.061415 0.490029
v 0.221374 -0.061415 0.490029
v 0.221374 -0.061415 0.490029
v 0.221374 -0.061415 0.490029
v 0.221374 -0.061415 0.490029
v 0.221374 -0.061415 0.490029
v 0.221374 -0.061415 0.490029
v 0.221374 -0.061415 0.844444
v 0.221374 -0.061415 0.844444
v 0.221374 -0.061415 0.844444
v 0.221374 -0.061415 0.844444
v 0.221374 -0.061415 0.844444
v 0.221374 -0.061415 0.844444
v 0.221374 -0.061415 0.844444
v 0.221374 -0.061415 0.844444
v 0.221374 -0.061415 0.844444
v 0.221374 -0.061415 0.844444
v 0.221374 -0.061415 0.844444
v 0.221374 -0.061415 0.844444
v 0.221374 -0.061415 0.844444
v 0.221374 -0.061415 0.844444
v 0.221374 -0.061415 0.844444
v 0.221374 -0.061415 0.844444
v 0.221374 -0.061415 0.844444
v 0.221374 -0.061415 0.844444
v 0.221374 -0.061415 0.844444
v 0.221374 -0.061415 0.844444
v 0.221374 -0.061415 0.844444
v 0.221374 -0.061415 0.844444
v 0.221374 -0.061415 0.844444
v 0.221374 -0.061415 0.844444
v 0.221374 -0.061415 0.844444
v 0.221374 -0.061415 0.844444
v 0.221374 -0.061415 0.844444
v 0.221374 -0.061415 0.844444
v 0.221374 -0.061415 0.844444
v 0.221374 -0.061415 0.844444
v 0.221374 -0.061415 0.844444
v 0.221374 -0.061415 0.844444
v 0.221374 -0.061415 0.844444
v 0.221374 -0.061415 0.844444
v 0.221374 -0.061415 0.844444
v 0.221374 -0.061415 0.844444
v 0.221374 -0.061415 0.844444
v 0.221374 -0.061415 0.844444
v 0.221374 -0.061415 0.844444
v 0.221374 -0.061415 0.844444
v 0.221374 -0.061415 0.844444
v 0.221374 -0.061415 0.844444
v 0.221374 -0.061415 0.844444
v 0.221374 -0.061415 0.844444
v 0.221374 -0.061415 0.844444
v 0.221374 -0.061415 0.844444
v 0.221374 -0.061415 0.844444
v 0.221374 -0.061415 0.844444
v 0.221374 -0.061415 0.844444
v 0.221374 -0.061415 0.844444
v 0.221374 -0.061415 0.844444
v 0.221374 -0.061415 0.844444
v 0.221374 -0.061415 0.844444
v 0.221374 -0.061415 0.844444
v 0.221374 -0.061415 0.844444
v 0.221374 -0.061415 0.844444
v 0.221374 -0.061415 0.844444
v 0.221374 -0.061415 0.844444
v 0.221374 -0.061415 0.844444
v 0.221374 -0.061415 0.844444
v 0.221374 -0.061415 0.844444
v 0.221374 -0.061415 0.844444
v 0.221374 -0.061415 0.844444
v 0.221374 -0.061415 0.844444
v 0.221374 -0.061415 0.844444
v 0.221374 -0.061415 0.844444
v 0.221374 -0.061415 0.844444
v 0.221374 -0.061415 0.844444
v 0.221374 -0.061415 0.844444
v 0.221374 -0.061415 0.844444
v 0.221374 -0.061415 0.844444
v 0.221374 -0.061415 0.844444
v 0.221374 -0.061415 0.844444
v 0.221374 -0.061415 0.844444
v 0.221374 -0.061415 0.844444
v 0.221374 -0.061415 0.844444
v 0.221374 -0.061415 0.844444
v 0.221374 -0.061415 0.844444
v 0.221374 -0.061415 0.844444
v 0.221374 -0.061415 0.844444
v 0.221374 -0.061415 0.844444
v 0.221374 -0.061415 0.844444
v 0.221374 -0.061415 0.844444
v 0.221374 -0.061415 0.844444
v 0.221374 -0.061415 0.844444
v 0.221374 -0.061415 0.844444
v 0.221374 -0.061415 0.844444
v 0.221374 -0.061415 0.844444
v 0.221374 -0.061415 0.844444
v 0.221374 -0.061415 0.844444
v 0.221374 -0.061415 0.844444
v 0.221374 -0.061415 0.844444
v 0.221374 -0.061415 0.844444
v 0.221374 -0.061415 0.844444
v 0.221374 -0.061415 0.844444
v 0.221374 -0.061415 0.844444
v 0.221374 -0.061415 0.490029
v 0.221374 0.538613 0.490029
v 0.221374 0.538613 0.490029
v 0.221374 -0.061415 0.490029
v 0.221374 -0.061415 0.490029
v 0.221374 -0.061415 0.490029
v 0.221374 -0.061415 0.490029
v 0.221374 -0.061415 0.490029
v 0.221374 0.538613 1.017418
v 0.221374 0.538613 1.017418
v 0.221374 -0.061415 0.844444
v -0.136221 0.178596 0.549300
v -0.136221 0.178596 0.549300
v 0.716929 0.313295 0.187557
v 0.221374 -0.061415 0.148726
v 0.221374 0.538613 0.490029
v 0.221374 0.538613 0.125151
v 0.221374 0.538613 0.490029
v 0.716929 0.313295 0.187557
v 0.221374 0.538613 0.490029
v 0.716929 0.313295 0.187557
v 0.221374 0.538613 0.490029
v 0.716929 0.313295 0.187557
v 0.221374 0.538613 0.490029
v 0.716929 0.313295 0.187557
v 0.716929 0.313295 0.187557
v 0.716929 0.313295 0.187557
v 0.221374 0.538613 0.125151
v 0.716929 0.313295 0.187557
v 0.716929 0.313295 0.187557
v 0.221374 0.538613 0.125151
v 0.221374 0.538613 0.125151
v 0.716929 0.313295 0.187557
v 0.221374 0.538613 0.125151
v 0.716929 0.313295 0.187557
v 0.221374 0.538613 0.125151
v 0.716929 0.313295 0.187557
v 0.221374 0.538613 0.125151
v 0.716929 0.313295 0.187557
v 0.716929 0.313295 0.187557
v 0.221374 0.538613 0.125151
v 0.716929 0.313295 0.187557
v 0.221374 -0.061415 0.148726
v 0.221374 -0.061415 0.148726
v 0.716929 0.313295 0.187557
v 0.221374 -0.061415 0.148726
v 0.716929 0.313295 0.187557
v 0.221374 -0.061415 0.148726
v 0.716929 0.313295 0.187557
v 0.221374 -0.061415 0.148726
v 0.716929 0.313295 0.187557
v 0.221374 -0.061415 0.148726
v 0.716929 0.313295 0.187557
v 0.221374 -0.061415 0.148726
v 0.716929 0.313295 0.187557
v 0.221374 -0.061415 0.148726
v 0.716929 0.313295 0.187557
v 0.221374 -0.061415 0.148726
v 0.716929 0.313295 0.187557
v 0.221374 -0.061415 0.148726
v 0.716929 0.313295 0.187557
v 0.716929 0.313295 0.187557
v 0.716929 0.313295 0.187557
v 0.221374 -0.061415 0.490029
v 0.716929 0.313295 0.187557
v 0.221374 -0.061415 0.490029
v 0.716929 0.313295 0.187557
v 0.221374 -0.061415 0.490029
v 0.716929 0.313295 0.187557
v 0.221374 -0.061415 0.490029
v 0.716929 0.313295 0.187557
v 0.221374 -0.061415 0.490029
v 0.716929 0.313295 0.187557
v 0.221374 -0.061415 0.490029
v 0.716929 0.313295 0.187557
v 0.221374 -0.061415 0.490029
v 0.716929 0.313295 0.187557
v 0.221374 -0.061415 0.490029
v 0.716929 0.313295 0.187557
v 0.221374 -0.061415 0.490029
v 0.716929 0.313295 0.187557
v 0.716929 0.313295 0.187557
v 0.221374 -0.061415 0.490029
v 0.716929 0.313295 0.187557
v 0.221374 0.538613 0.490029
v 0.716929 0.313295 0.187557
v 0.221374 0.538613 0.490029
v 0.716929 0.313295 0.187557
v 0.221374 0.538613 0.490029
v 0.716929 0.313295 0.187557
v 0.221374 0.538613 0.490029
v 0.716929 0.313295 0.187557
v -0.136221 0.178596 0.207996
v -0.136221 0.178596 0.207996
v -0.136221 0.178596 0.207996
v -0.136221 0.178596 0.207996
v -0.136221 0.178596 0.207996
v -0.136221 0.178596 0.549300
v -0.136221 0.178596 0.549300
v -0.136221 0.178596 0.549300
v -0.136221 0.178596 0.549300
v -0.136221 0.178596 0.549300
v -0.136221 0.178596 0.549300
v -0.136221 0.178596 0.549300
v -0.136221 0.178596 0.549300
v 0.221374 0.538613 0.490029
v -0.136221 0.178596 0.549300
v -0.136221 0.178596 0.549300
v -0.136221 0.178596 0.549300
v -0.136221 0.178596 0.549300
v -0.136221 0.178596 0.549300
v -0.136221 0.178596 0.549300
v -0.136221 0.178596 0.549300
v -0.136221 0.178596 0.207996
v -0.136221 0.178596 0.207996
v -0.136221 0.178596 0.207996
v -0.136221 0.178596 0.207996
v -0.136221 0.178596 0.207996
v -0.136221 0.178596 0.207996
v -0.136221 0.178596 0.207996
v -0.136221 0.178596 0.207996
v -0.136221 0.178596 0.207996
v -0.136221 0.178596 0.207996
v 0.221374 0.538613 0.125151
v -0.136221 0.178596 0.207996
v -0.136221 0.178596 0.207996
v -0.136221 0.178596 0.207996
v -0.136221 0.178596 0.207996
v -0.136221 0.178596 0.207996
v -0.136221 0.178596 0.207996
v -0.136221 0.178596 0.207996
v -0.136221 0.178596 0.207996
v -0.136221 0.178596 0.549300
v -0.136221 0.178596 0.549300
v -0.136221 0.178596 0.207996
v -0.136221 0.178596 0.207996
v -0.136221 0.178596 0.207996
v -0.136221 0.178596 0.207996
v -0.136221 0.178596 0.207996
v -0.136221 0.178596 0.207996
v -0.136221 0.178596 0.207996
v 0.221374 -0.061415 0.490029
v 0.221374 -0.061415 0.490029
v 0.221374 -0.061415 0.490029
v 0.221374 0.538613 0.490029
v -0.136221 0.178596 0.207996
v -0.136221 0.178596 0.207996
v -0.136221 0.178596 0.207996
v -0.136221 0.178596 0.207996
v -0.136221 0.178596 0.549300
v -0.136221 0.178596 0.549300
v -0.136221 0.178596 0.549300
v 0.221374 0.538613 0.490029
v 0.221374 -0.061415 0.490029
v 0.221374 0.538613 0.490029
v 0.221374 -0.061415 0.490029
v 0.221374 -0.061415 0.490029
v 0.221374 -0.061415 0.490029
v 0.221374 -0.061415 0.490029
v 0.221374 -0.061415 0.490029
v 0.221374 0.238599 0.203920
v 0.221374 -0.061415 0.148726
v 0.221374 -0.061415 0.148726
v 0.221374 0.238599 0.203920
v 0.221374 0.538613 0.490029
v 0.221374 -0.061415 0.148726
v 0.221374 -0.061415 0.148726
v 0.221374 -0.061415 0.148726
v 0.221374 -0.061415 0.148726
v 0.221374 -0.061415 0.148726
v 0.221374 -0.061415 0.148726
v 0.221374 -0.061415 0.148726
v 0.221374 -0.061415 0.148726
v 0.221374 -0.061415 0.148726
v 0.221374 -0.061415 0.148726
v 0.221374 -0.061415 0.490029
v 0.221374 -0.061415 0.148726
v 0.221374 -0.061415 0.148726
v 0.221374 -0.061415 0.148726
v 0.221374 -0.061415 0.148726
v 0.221374 -0.061415 0.148726
v 0.221374 0.538613 0.490029
v 0.221374 -0.061415 0.148726
v 0.221374 -0.061415 0.148726
v 0.221374 -0.061415 0.148726
v 0.221374 -0.061415 0.148726
v 0.221374 -0.061415 0.148726
v 0.221374 -0.061415 0.148726
v 0.221374 -0.061415 0.148726
v 0.221374 -0.061415 0.148726
v -0.136221 0.178596 0.207996
v -0.136221 0.178596 0.207996
v 0.221374 -0.061415 0.148726
v 0.221374 -0.061415 0.490029
v 0.221374 -0.061415 0.148726
v 0.221374 -0.061415 0.148726
v 0.221374 -0.061415 0.148726
v 0.221374 -0.061415 0.148726
v 0.221374 -0.061415 0.148726
v 0.221374 -0.061415 0.148726
v 0.221374 0.538613 0.490029
v 0.221374 -0.061415 0.490029
v 0.221374 -0.061415 0.490029
v 0.221374 0.238599 0.203920
v -0.136221 0.178596 0.207996
v -0.136221 0.178596 0.207996
v -0.136221 0.178596 0.207996
v 0.221374 -0.061415 0.148726
v 0.221374 -0.061415 0.148726
v -0.136221 0.178596 1.017418
v 0.221374 0.538613 1.017418
v 0.221374 0.538613 1.017418
v 0.221374 -0.061415 0.490029
v -0.136221 0.178596 0.549300
v -0.457480 0.051589 0.129769
v -0.457480 0.051589 0.129769
v -0.457480 0.051589 0.129769
v -0.457480 0.051589 0.129769
v 0.716929 0.313295 0.187557
v 0.716929 0.313295 0.187557
v 0.716929 0.313295 0.187557
v -0.457480 0.051589 0.129769
v -0.457480 0.051589 0.129769
v -0.457480 0.051589 0.129769
v -0.457480 0.051589 0.129769
v -0.457480 0.051589 0.129769
v 0.221374 -0.061415 0.490029
v -0.136221 0.178596 0.549300
v -0.136221 0.178596 0.549300
v -0.136221 0.178596 0.549300
v 0.221374 0.538613 0.490029
v 0.221374 0.538613 0.125151
v -0.136221 0.178596 0.549300
v 0.221374 0.538613 0.125151
v 0.221374 -0.061415 0.148726
v -0.136221 0.178596 0.549300
v -0.457480 0.051589 0.129769
v 0.221374 -0.061415 0.148726
v 0.221374 0.538613 0.125151
v 0.716929 0.313295 0.187557
v 0.716929 0.313295 0.187557
v 0.716929 0.313295 0.187557
v 0.716929 0.313295 0.187557
v 0.716929 0.313295 0.187557
v 0.716929 0.313295 0.187557
v 0.716929 0.313295 0.187557
v 0.716929 0.313295 0.187557
v 0.716929 0.313295 0.187557
v 0.716929 0.313295 0.187557
v 0.716929 0.313295 0.187557
v 0.716929 0.313295 0.187557
v 0.716929 0.313295 0.187557
v 0.716929 0.313295 0.187557
v 0.716929 0.313295 0.187557
v 0.716929 0.313295 0.187557
v 0.716929 0.313295 0.187557
v 0.716929 0.313295 0.187557
v 0.716929 0.313295 0.187557
v 0.716929 0.313295 0.187557
v 0.716929 0.313295 0.187557
v 0.716929 0.313295 0.187557
v 0.716929 0.313295 0.187557
v 0.716929 0.313295 0.187557
v 0.716929 0.313295 0.187557
v 0.716929 0.313295 0.187557
v 0.716929 0.313295 0.187557
v 0.716929 0.313295 0.187557
v 0.716929 0.313295 0.187557
v 0.716929 0.313295 0.187557
v 0.716929 0.313295 0.187557
v 0.716929 0.313295 0.187557
v 0.716929 0.313295 0.187557
v 0.716929 0.313295 0.187557
v 0.716929 0.313295 0.187557
v 0.716929 0.313295 0.187557
v 0.716929 0.313295 0.187557
v 0.716929 0.313295 0.187557
v 0.716929 0.313295 0.187557
v 0.716929 0.313295 0.187557
v 0.716929 0.313295 0.187557
v 0.716929 0.313295 0.187557
v 0.716929 0.313295 0.187557
v 0.716929 0.313295 0.187557
v 0.716929 0.313295 0.187557
v 0.716929 0.313295 0.187557
v 0.716929 0.313295 0.187557
v 0.716929 0.313295 0.187557
v 0.716929 0.313295 0.187557
v 0.716929 0.313295 0.187557
v 0.716929 0.313295 0.187557
v 0.716929 0.313295 0.187557
v 0.716929 0.313295 0.187557
v 0.716929 0.313295 0.187557
v 0.716929 0.313295 0.187557
v 0.716929 0.313295 0.187557
v 0.716929 0.313295 0.187557
v 0.716929 0.313295 0.187557
v 0.716929 0.313295 0.187557
v 0.716929 0.313295 0.187557
v 0.716929 0.313295 0.187557
v 0.716929 0.313295 0.187557
v 0.716929 0.313295 0.187557
v -0.457480 0.051589 0.129769
v -0.457480 0.051589 0.129769
v -0.457480 0.051589 0.129769
v -0.457480 0.357687 0.349033
v -0.457480 0.357687 0.349033
v -0.457480 0.357687 0.349033
v -0.457480 0.357687 0.349033
v -0.457480 0.357687 0.349033
v -0.136221 0.178596 0.549300
v -0.457480 0.357687 0.349033
v -0.457480 0.357687 0.349033
v -0.457480 0.357687 0.349033
v -0.457480 0.357687 0.349033
v -0.457480 0.357687 0.349033
v -0.457480 0.357687 0.349033
v -0.457480 0.051589 0.129769
v -0.457480 0.051589 0.129769
v -0.457480 0.051589 0.129769
v -0.457480 0.051589 0.129769
v -0.457480 0.051589 0.129769
v -0.457480 0.051589 0.129769
v -0.457480 0.051589 0.129769
v -0.457480 0.051589 0.129769
v -0.457480 0.051589 0.129769
v -0.457480 0.051589 0.129769
v -0.457480 0.051589 0.129769
v -0.457480 0.051589 0.129769
v -0.136221 0.178596 0.549300
v -0.457480 0.051589 0.129769
v -0.457480 0.051589 0.129769
v -0.457480 0.051589 0.129769
v -0.457480 0.051589 0.129769
v -0.457480 0.051589 0.129769
v 0.221374 0.538613 0.490029
v 0.716929 0.313295 0.187557
v 0.716929 0.313295 0.187557
v 0.716929 0.313295 0.187557
v 0.716929 0.313295 0.187557
v 0.716929 0.313295 0.187557
v 0.716929 0.313295 0.187557
v 0.716929 0.313295 0.187557
v 0.716929 0.313295 0.187557
v 0.716929 0.313295 0.187557
v 0.716929 0.313295 0.187557
v -0.457480 0.051589 0.129769
v -0.457480 0.051589 0.129769
v -0.457480 0.051589 0.129769
v -0.457480 0.051589 0.129769
v -0.457480 0.051589 0.129769
v -0.457480 0.051589 0.129769
v -0.457480 0.051589 0.129769
v -0.457480 0.051589 0.129769
v -0.457480 0.051589 0.129769
v -0.457480 0.051589 0.129769
v 0.716929 0.313295 0.187557
v 0.716929 0.313295 0.187557
v -0.457480 0.051589 0.129769
v -0.457480 0.051589 0.129769
v -0.457480 0.051589 0.129769
v -0.457480 0.051589 0.129769
v -0.457480 0.051589 0.129769
v -0.457480 0.051589 0.129769
v -0.457480 0.051589 0.129769
v -0.457480 0.051589 0.129769
v -0.457480 0.051589 0.129769
v -0.457480 0.051589 0.129769
v -0.457480 0.051589 0.129769
v 0.716929 0.313295 0.187557
v 0.716929 0.313295 0.187557
v 0.716929 0.313295 0.187557
v 0.716929 0.313295 0.187557
v 0.716929 0.313295 0.187557
v 0.716929 0.313295 0.187557
v 0.716929 0.313295 0.187557
v 0.716929 0.313295 0.187557
v 0.716929 0.313295 0.187557
v 0.716929 0.313295 0.187557
v -0.457480 0.051589 0.129769
v -0.457480 0.051589 0.129769
v -0.457480 0.051589 0.129769
v -0.457480 0.051589 0.129769
v -0.457480 0.357687 0.349033
v -0.457480 0.051589 0.129769
v -0.457480 0.357687 0.349033
v -0.457480 0.357687 0.349033
v -0.457480 0.357687 0.349033
v -0.457480 0.357687 0.349033
v -0.457480 0.357687 0.349033
v -0.457480 0.357687 0.349033
v -0.457480 0.357687 0.349033
v -0.457480 0.357687 0.349033
v -0.457480 0.357687 0.349033
v -0.457480 0.357687 0.349033
v -0.457480 0.357687 0.349033
v -0.457480 0.357687 0.349033
v -0.457480 0.357687 0.349033
v -0.457480 0.357687 0.349033
v -0.457480 0.357687 0.349033
v -0.457480 0.357687 0.349033
v -0.457480 0.357687 0.349033
v -0.457480 0.051589 0.129769
v -0.457480 0.051589 0.129769
v -0.457480 0.051589 0.129769
v -0.457480 0.051589 0.129769
v -0.457480 0.051589 0.129769
v -0.457480 0.051589 0.129769
v -0.457480 0.051589 0.129769
v -0.457480 0.051589 0.129769
v -0.457480 0.051589 0.129769
v -0.457480 0.051589 0.129769
v -0.457480 0.051589 0.129769
v -0.457480 0.357687 0.349033
v -0.457480 0.357687 0.349033
v -0.457480 0.357687 0.349033
v -0.457480 0.357687 0.349033
v -0.457480 0.357687 0.349033
v -0.457480 0.357687 0.349033
v -0.457480 0.357687 0.349033
v -0.457480 0.357687 0.349033
v -0.457480 0.051589 0.129769
v -0.457480 0.051589 0.129769
v -0.457480 0.051589 0.129769
v -0.457480 0.051589 0.129769
v -0.457480 0.051589 0.129769
v -0.457480 0.357687 0.349033
v -0.457480 0.357687 0.349033
v -0.457480 0.357687 0.349033
v -0.457480 0.357687 0.349033
v -0.457480 0.357687 0.349033
v -0.457480 0.357687 0.349033
v -0.457480 0.357687 0.349033
v -0.457480 0.357687 0.349033
v -0.457480 0.357687 0.349033
v -0.457480 0.051589 0.129769
v -0.457480 0.357687 0.349033
v 0.716929 0.313295 0.187557
v 0.716929 0.313295 0.187557
v 0.716929 0.313295 0.187557
v 0.716929 0.313295 0.187557
v 0.716929 0.313295 0.187557
v 0.716929 0.313295 0.187557
v 0.716929 0.313295 0.187557
v 0.716929 0.313295 0.187557
v 0.716929 0.313295 0.187557
v 0.716929 0.313295 0.187557
v 0.716929 0.313295 0.187557
v -0.457480 0.051589 0.129769
v -0.457480 0.051589 0.129769
v -0.457480 0.051589 0.129769
v -0.457480 0.051589 0.129769
v -0.457480 0.051589 0.129769
v -0.457480 0.357687 0.349033
v -0.457480 0.357687 0.349033
v -0.457480 0.357687 0.349033
v -0.457480 0.357687 0.349033
v -0.457480 0.357687 0.349033
v -0.457480 0.357687 0.349033
v -0.457480 0.357687 0.349033
v -0.457480 0.357687 0.349033
v -0.457480 0.357687 0.349033
v -0.457480 0.357687 0.349033
v -0.457480 0.357687 0.349033
v -0.457480 0.357687 0.349033
v -0.457480 0.357687 0.349033
v 0.716929 0.313295 0.187557
v -0.457480 0.051589 0.129769
v -0.457480 0.051589 0.129769
v 0.716929 0.313295 0.187557
v 0.716929 0.313295 0.187557
v 0.716929 0.313295 0.187557
v 0.716929 0.313295 0.187557
v 0.716929 0.313295 0.187557
v 0.716929 0.313295 0.187557
v 0.716929 0.313295 0.187557
v 0.716929 0.313295 0.187557
v 0.716929 0.313295 0.187557
v 0.716929 0.313295 0.187557
v 0.716929 0.313295 0.187557
v 0.716929 0.313295 0.187557
v 0.716929 0.313295 0.187557
v 0.716929 0.313295 0.187557
v 0.716929 0.313295 0.187557
v 0.716929 0.313295 0.187557
v 0.716929 0.313295 0.187557
v 0.716929 0.313295 0.187557
v 0.716929 0.313295 0.187557
v 0.716929 0.313295 0.187557
v 0.716929 0.313295 0.187557
v 0.716929 0.313295 0.187557
v 0.716929 0.313295 0.187557
v 0.716929 0.313295 0.187557
v 0.716929 0.313295 0.187557
v 0.716929 0.313295 0.187557
v 0.716929 0.313295 0.187557
v 0.716929 0.313295 0.187557
v 0.716929 0.313295 0.187557
v 0.716929 0.313295 0.187557
v 0.716929 0.313295 0.187557
v 0.716929 0.313295 0.187557
v 0.716929 0.313295 0.187557
v 0.716929 0.313295 0.187557
v 0.716929 0.313295 0.187557
v 0.716929 0.313295 0.187557
v 0.716929 0.313295 0.187557
v 0.716929 0.313295 0.187557
v 0.716929 0.313295 0.187557
v 0.716929 0.313295 0.187557
v 0.716929 0.313295 0.187557
v 0.716929 0.313295 0.187557
v 0.716929 0.313295 0.187557
v 0.716929 0.313295 0.187557
v 0.716929 0.313295 0.187557
v -0.457480 0.051589 0.129769
v -0.457480 0.051589 0.129769
v -0.457480 0.051589 0.129769
v -0.457480 0.051589 0.129769
v -0.457480 0.051589 0.129769
v -0.457480 0.051589 0.129769
v -0.457480 0.051589 0.129769
v -0.457480 0.051589 0.129769
v -0.457480 0.051589 0.129769
v -0.457480 0.051589 0.129769
v -0.457480 0.051589 0.129769
v -0.457480 0.051589 0.129769
v -0.457480 0.051589 0.129769
v -0.457480 0.051589 0.129769
v -0.457480 0.051589 0.129769
v -0.457480 0.051589 0.129769
v -0.457480 0.051589 0.129769
v -0.457480 0.051589 0.129769
v -0.457480 0.051589 0.129769
v -0.457480 0.051589 0.129769
v -0.457480 0.051589 0.129769
v -0.457480 0.051589 0.129769
v -0.457480 0.051589 0.129769
v -0.457480 0.051589 0.129769
v -0.457480 0.051589 0.129769
v -0.457480 0.051589 0.129769
v -0.457480 0.051589 0.129769
v -0.457480 0.051589 0.129769
v -0.457480 0.051589 0.129769
v -0.457480 0.051589 0.129769
v -0.457480 0.051589 0.129769
v -0.457480 0.051589 0.129769
v -0.457480 0.051589 0.129769
v -0.457480 0.051589 0.129769
v -0.457480 0.051589 0.129769
v -0.457480 0.051589 0.129769
v -0.457480 0.051589 0.129769
v -0.457480 0.051589 0.129769
v -0.457480 0.051589 0.129769
v -0.457480 0.051589 0.129769
v -0.457480 0.051589 0.129769
v -0.457480 0.051589 0.129769
v 0.716929 0.313295 0.187557
v 0.716929 0.313295 0.187557
v 0.716929 0.313295 0.187557
v 0.716929 0.313295 0.187557
v 0.716929 0.313295 0.187557
v 0.716929 0.313295 0.187557
v 0.716929 0.313295 0.187557
v 0.716929 0.313295 0.187557
v 0.716929 0.313295 0.187557
v 0.716929 0.313295 0.187557
v 0.716929 0.313295 0.187557
v 0.716929 0.313295 0.187557
v -0.457480 0.051589 0.129769
v -0.457480 0.051589 0.129769
v -0.457480 0.051589 0.129769
v -0.457480 0.051589 0.129769
v -0.457480 0.051589 0.129769
v -0.457480 0.051589 0.129769
v -0.457480 0.051589 0.129769
v -0.457480 0.051589 0.129769
v -0.457480 0.051589 0.129769
v -0.457480 0.051589 0.129769
v -0.457480 0.051589 0.129769
v -0.457480 0.051589 0.129769
v -0.457480 0.051589 0.129769
v 0.716929 0.313295 0.187557
v -0.457480 0.051589 0.129769
v -0.457480 0.051589 0.129769
v -0.457480 0.051589 0.129769
v 0.716929 0.313295 0.187557
v 0.716929 0.313295 0.187557
v -0.457480 0.051589 0.129769
v -0.457480 0.051589 0.129769
v 0.716929 0.313295 0.187557
v 0.716929 0.313295 0.187557
v 0.716929 0.313295 0.187557
v 0.716929 0.313295 0.187557
v 0.716929 0.313295 0.187557
v 0.716929 0.313295 0.187557
v 0.716929 0.313295 0.187557
v 0.716929 0.313295 0.187557
v 0.716929 0.313295 0.187557
v 0.716929 0.313295 0.187557
v 0.716929 0.313295 0.187557
v 0.716929 0.313295 0.187557
v 0.716929 0.313295 0.187557
v 0.716929 0.313295 0.187557
v 0.716929 0.313295 0.187557
v 0.716929 0.313295 0.187557
v -0.457480 0.051589 0.129769
v -0.457480 0.051589 0.129769
v -0.457480 0.051589 0.129769
v -0.457480 0.051589 0.129769
v -0.457480 0.051589 0.129769
v -0.457480 0.051589 0.129769
v -0.457480 0.051589 0.129769
v -0.457480 0.357687 0.349033
v -0.457480 0.051589 0.129769
v 0.716929 0.313295 0.187557
v 0.716929 0.313295 0.187557
v -0.457480 0.051589 0.129769
v -0.457480 0.051589 0.129769
v -0.457480 0.051589 0.129769
v -0.457480 0.051589 0.129769
v -0.457480 0.051589 0.129769
v -0.457480 0.051589 0.129769
v -0.457480 0.051589 0.129769
v -0.457480 0.051589 0.129769
v -0.457480 0.051589 0.129769
v -0.457480 0.051589 0.129769
v -0.457480 0.051589 0.129769
v -0.457480 0.357687 0.349033
v -0.457480 0.357687 0.349033
v -0.457480 0.357687 0.349033
v -0.457480 0.357687 0.349033
v -0.457480 0.357687 0.349033
v -0.457480 0.357687 0.349033
v -0.457480 0.051589 0.129769
v -0.457480 0.051589 0.129769
v -0.457480 0.051589 0.129769
v -0.457480 0.051589 0.129769
v 0.716929 0.313295 0.187557
v 0.716929 0.313295 0.187557
v 0.716929 0.313295 0.187557
v 0.716929 0.313295 0.187557
v 0.716929 0.313295 0.187557
v 0.716929 0.313295 0.187557
v 0.716929 0.313295 0.187557
v 0.716929 0.313295 0.187557
v 0.716929 0.313295 0.187557
v 0.716929 0.313295 0.187557
v 0.716929 0.313295 0.187557
v -0.457480 0.051589 0.438529
v -0.136221 0.178596 0.549300
v -0.136221 0.178596 0.549300
v -0.136221 0.178596 0.549300
v -0.136221 0.178596 0.549300
v -0.136221 0.178596 0.549300
v -0.136221 0.178596 0.549300
v -0.136221 0.178596 0.549300
v -0.136221 0.178596 0.549300
v -0.136221 0.178596 0.549300
v -0.136221 0.178596 0.549300
v -0.136221 0.178596 0.549300
v -0.136221 0.178596 0.549300
v -0.136221 0.178596 0.549300
v -0.136221 0.178596 0.549300
v -0.136221 0.178596 0.549300
v -0.136221 0.178596 0.549300
v -0.136221 0.178596 0.549300
v 0.221374 0.538613 0.490029
v 0.221374 0.538613 0.490029
v 0.221374 0.538613 0.490029
v 0.221374 0.538613 0.490029
v 0.221374 0.538613 0.490029
v 0.221374 -0.061415 0.490029
v 0.221374 -0.061415 0.490029
v 0.221374 -0.061415 0.490029
v -0.136221 0.178596 0.549300
v -0.136221 0.178596 0.549300
v -0.136221 0.178596 0.549300
v -0.136221 0.178596 0.549300
v -0.136221 0.178596 0.549300
v -0.136221 0.178596 0.549300
v -0.136221 0.178596 0.549300
v -0.136221 0.178596 0.549300
v -0.136221 0.178596 0.549300
v -0.136221 0.178596 0.549300
v -0.136221 0.178596 0.549300
v -0.136221 0.178596 0.549300
v -0.136221 0.178596 0.549300
v -0.136221 0.178596 0.549300
v -0.136221 0.178596 0.549300
v 0.221374 0.538613 0.490029
v 0.221374 0.538613 0.490029
v 0.221374 0.538613 0.490029
v 0.221374 -0.061415 0.490029
v 0.221374 -0.061415 0.490029
v 0.221374 -0.061415 0.490029
v -0.136221 0.178596 0.549300
v -0.136221 0.178596 0.549300
v -0.136221 0.178596 0.549300
v -0.136221 0.178596 0.549300
v -0.136221 0.178596 0.549300
v -0.136221 0.178596 0.549300
v -0.136221 0.178596 0.549300
v -0.136221 0.178596 0.549300
v -0.136221 0.178596 0.549300
v 0.221374 0.538613 0.490029
v 0.221374 0.538613 0.490029
v 0.221374 0.538613 0.490029
v 0.221374 0.538613 0.490029
v 0.221374 0.538613 0.490029
v 0.221374 -0.061415 0.490029
v 0.221374 -0.061415 0.490029
v 0.221374 -0.061415 0.490029
v 0.221374 -0.061415 0.490029
v 0.221374 -0.061415 0.490029
v -0.136221 0.178596 0.549300
v -0.136221 0.178596 0.549300
v -0.136221 0.178596 0.549300
v -0.136221 0.178596 0.549300
v -0.136221 0.178596 0.549300
v -0.136221 0.178596 0.549300
v -0.136221 0.178596 0.549300
v -0.136221 0.178596 0.549300
v -0.136221 0.178596 0.549300
v -0.136221 0.178596 0.549300
v -0.136221 0.178596 0.549300
v -0.136221 0.178596 0.549300
v -0.136221 0.178596 0.549300
v -0.136221 0.178596 0.549300
v -0.136221 0.178596 0.549300
v -0.136221 0.178596 0.549300
v -0.136221 0.178596 0.549300
v -0.136221 0.178596 0.549300
v -0.136221 0.178596 0.549300
v -0.136221 0.178596 0.549300
v 0.221374 0.538613 0.490029
v 0.221374 0.538613 0.490029
v 0.221374 0.538613 0.490029
v 0.221374 0.538613 0.490029
v 0.221374 0.538613 0.490029
v 0.221374 -0.061415 0.490029
v 0.221374 -0.061415 0.490029
v 0.221374 -0.061415 0.490029
v 0.221374 -0.061415 0.490029
v 0.221374 -0.061415 0.490029
v 0.221374 -0.061415 0.490029
v -0.136221 0.178596 0.549300
v -0.136221 0.178596 0.549300
v -0.136221 0.178596 0.549300
v -0.136221 0.178596 0.549300
v -0.136221 0.178596 0.549300
v -0.136221 0.178596 0.549300
v -0.136221 0.178596 0.549300
v -0.136221 0.178596 0.549300
v -0.136221 0.178596 0.549300
v -0.136221 0.178596 0.549300
v -0.136221 0.178596 0.549300
v -0.136221 0.178596 0.549300
v -0.136221 0.178596 0.549300
v -0.136221 0.178596 0.549300
v 0.221374 0.538613 0.490029
v 0.221374 0.538613 0.490029
v 0.221374 0.538613 0.490029
v 0.221374 0.538613 0.490029
v 0.221374 0.538613 0.490029
v 0.221374 0.538613 0.490029
v 0.221374 0.538613 0.490029
v 0.221374 -0.061415 0.490029
v 0.221374 -0.061415 0.490029
v 0.221374 -0.061415 0.490029
v 0.221374 -0.061415 0.490029
v 0.221374 -0.061415 0.490029
v 0.221374 -0.061415 0.490029
v 0.221374 -0.061415 0.490029
v 0.221374 -0.061415 0.490029
v -0.136221 0.178596 0.549300
v -0.136221 0.178596 0.549300
v -0.136221 0.178596 0.549300
v -0.136221 0.178596 0.549300
v -0.136221 0.178596 0.549300
v -0.136221 0.178596 0.549300
v -0.136221 0.178596 0.549300
v -0.136221 0.178596 0.549300
v -0.136221 0.178596 0.549300
v -0.136221 0.178596 0.549300
v 0.221374 0.538613 0.490029
v 0.221374 0.538613 0.490029
v 0.221374 0.538613 0.490029
v 0.221374 0.538613 0.490029
v 0.221374 0.538613 0.490029
v 0.221374 0.538613 0.490029
v 0.221374 0.538613 0.490029
v 0.221374 0.538613 0.490029
v 0.221374 -0.061415 0.490029
v 0.221374 -0.061415 0.490029
v 0.221374 -0.061415 0.490029
v 0.221374 -0.061415 0.490029
v 0.221374 -0.061415 0.490029
v 0.221374 -0.061415 0.490029
v 0.221374 -0.061415 0.490029
v 0.221374 -0.061415 0.490029
v -0.136221 0.178596 0.549300
v -0.136221 0.178596 0.549300
v -0.136221 0.178596 0.549300
v -0.136221 0.178596 0.549300
v 0.221374 0.538613 0.490029
v 0.221374 0.538613 0.490029
v 0.221374 0.538613 0.490029
v 0.221374 0.538613 0.490029
v 0.221374 0.538613 0.490029
v 0.221374 0.538613 0.490029
v 0.221374 0.538613 0.490029
v 0.221374 0.538613 0.490029
v 0.221374 0.538613 0.490029
v 0.221374 -0.061415 0.490029
v 0.221374 -0.061415 0.490029
v 0.221374 -0.061415 0.490029
v 0.221374 -0.061415 0.490029
v 0.221374 -0.061415 0.490029
v 0.221374 -0.061415 0.490029
v 0.221374 -0.061415 0.490029
v 0.221374 -0.061415 0.490029
v -0.136221 0.178596 0.549300
v 0.221374 -0.061415 0.490029
v -0.136221 0.178596 0.549300
v -0.136221 0.178596 0.549300
v 0.221374 -0.061415 0.490029
v 0.221374 -0.061415 0.490029
v 0.221374 0.538613 0.490029
v 0.221374 0.538613 0.490029
v -0.136221 0.178596 0.549300
v -0.136221 0.178596 0.549300
v 0.221374 0.538613 0.490029
v -0.136221 0.178596 0.549300
v 0.221374 0.538613 0.490029
v -0.136221 0.178596 0.549300
v -0.136221 0.178596 0.549300
v 0.221374 -0.061415 0.490029
v -0.136221 0.178596 0.549300
v -0.136221 0.178596 0.207996
v -0.136221 0.178596 0.207996
v -0.136221 0.178596 0.207996
v -0.136221 0.178596 0.207996
v -0.457480 0.051589 0.129769
v -0.136221 0.178596 0.207996
v -0.457480 0.051589 0.129769
v -0.457480 0.051589 0.129769
v -0.457480 0.051589 0.129769
v -0.457480 0.051589 0.129769
v -0.457480 0.051589 0.129769
v -0.457480 0.051589 0.129769
v -0.136221 0.178596 0.549300
v -0.136221 0.178596 0.549300
v -0.457480 0.051589 0.129769
v -0.136221 0.178596 0.549300
v -0.457480 0.051589 0.129769
v -0.136221 0.178596 0.549300
v -0.136221 0.178596 0.549300
v -0.136221 0.178596 0.549300
v -0.136221 0.178596 0.549300
v -0.457480 0.357687 0.349033
v -0.457480 0.357687 0.349033
v -0.136221 0.178596 0.549300
v -0.457480 0.357687 0.349033
v -0.136221 0.178596 0.549300
v -0.457480 0.357687 0.349033
v -0.457480 0.357687 0.349033
v -0.457480 0.357687 0.349033
v -0.457480 0.357687 0.349033
v -0.136221 0.178596 0.207996
v -0.457480 0.357687 0.349033
v -0.457480 0.357687 0.349033
v 0.221374 0.538613 0.490029
v 0.221374 0.538613 0.490029
v 0.221374 0.538613 0.490029
v 0.221374 0.538613 0.490029
v 0.221374 0.538613 0.490029
v 0.221374 0.538613 0.125151
v 0.221374 0.538613 0.125151
v 0.221374 0.538613 0.125151
v 0.221374 0.538613 0.125151
v 0.221374 0.538613 0.125151
v 0.221374 0.538613 0.125151
v 0.221374 0.538613 0.125151
v 0.221374 -0.061415 0.148726
v 0.221374 -0.061415 0.148726
v 0.221374 -0.061415 0.148726
v 0.221374 -0.061415 0.148726
v 0.221374 -0.061415 0.148726
v 0.221374 -0.061415 0.148726
v 0.221374 -0.061415 0.148726
v 0.221374 -0.061415 0.148726
v 0.221374 -0.061415 0.490029
v 0.221374 -0.061415 0.490029
v 0.221374 -0.061415 0.490029
v 0.221374 0.538613 0.490029
v 0.716929 0.313295 0.187557
v 0.716929 0.313295 0.187557
v 0.716929 0.313295 0.187557
v 0.716929 0.313295 0.187557
v -0.457480 0.051589 0.129769
v -0.457480 0.051589 0.129769
v -0.457480 0.051589 0.129769
v -0.457480 0.051589 0.129769
v -0.457480 0.051589 0.129769
v 0.221374 0.538613 0.490029
v 0.221374 -0.061415 0.148726
v 0.221374 0.538613 0.125151
v 0.221374 0.538613 0.490029
v -0.457480 0.051589 0.438529
v -0.457480 0.051589 0.438529
v -0.457480 0.051589 0.438529
v -0.457480 0.051589 0.438529
v -0.457480 0.051589 0.438529
v -0.457480 0.051589 0.129769
v -0.457480 0.051589 0.438529
v -0.457480 0.051589 0.129769
v -0.457480 0.051589 0.438529
v -0.457480 0.051589 0.438529
v -0.457480 0.051589 0.438529
v -0.457480 0.051589 0.438529
v -0.457480 0.051589 0.438529
v -0.457480 0.051589 0.438529
v -0.457480 0.051589 0.438529
v -0.457480 0.051589 0.129769
v -0.457480 0.051589 0.438529
v -0.457480 0.051589 0.438529
v -0.457480 0.051589 0.438529
v -0.457480 0.051589 0.438529
v -0.457480 0.051589 0.438529
v -0.457480 0.051589 0.438529
v -0.457480 0.051589 0.438529
v -0.457480 0.051589 0.438529
v -0.457480 0.051589 0.129769
v -0.457480 0.051589 0.129769
v -0.457480 0.051589 0.129769
v -0.457480 0.051589 0.129769
v 0.716929 0.313295 0.187557
v 0.716929 0.313295 0.187557
vn 0.000000 0.000000 -1.000000
vn 0.000000 0.000000 1.000000
vn 0.000000 0.000000 -1.000000
vn 0.000000 0.000000 -1.000000
vn 0.000000 0.000000 1.000000
vn 0.000000 0.000000 -1.000000
vn 0.000000 0.000000 -1.000000
vn 0.000000 0.000000 1.000000
vn -0.497455 0.867490 0.000000
vn -0.404844 0.914386 0.000000
vn -0.707107 0.707107 0.000000
vn 0.000000 -1.000000 0.000000
vn -0.155096 -0.987899 0.000000
vn 0.707107 -0.707107 0.000000
vn -0.317837 -0.948145 0.000000
vn -0.155096 -0.987899 0.000000
vn -0.316897 0.076859 0.945341
vn -0.491578 0.153264 0.857241
vn 0.077087 0.997024 0.000000
vn 0.076859 0.969122 -0.234297
vn -0.948145 -0.317837 0.000000
vn -0.923003 -0.309409 -0.228761
vn 0.801904 0.597453 0.000000
vn 0.302905 0.673887 -0.673887
vn 0.375258 0.804094 -0.461102
vn 0.000000 0.000000 1.000000
vn 0.000000 0.000000 -1.000000
vn 0.404844 -0.914386 0.000000
vn 0.234993 -0.971997 0.000000
vn 0.077087 -0.997024 0.000000
vn -0.077087 -0.997024 0.000000
vn -0.597453 0.801904 0.000000
vn -0.707107 0.707107 0.000000
vn -0.801904 0.597453 0.000000
vn -0.867490 0.497455 0.000000
vn -0.914386 0.404844 0.000000
vn -0.971997 0.234993 0.000000
vn -1.000000 0.000000 0.000000
vn -0.987899 -0.155096 0.000000
vn -0.948145 -0.317837 0.000000
vn -0.867490 -0.497455 0.000000
vn -0.801904 -0.597453 0.000000
vn -0.707107 -0.707107 0.000000
vn -0.597453 -0.801904 0.000000
vn -0.497455 -0.867490 0.000000
vn 0.000000 0.000000 -1.000000
vn 0.000000 0.000000 -1.000000
vn 0.000000 0.000000 1.000000
vn -0.404844 0.914386 0.000000
vn -0.234993 0.971997 0.000000
vn -0.077087 0.997024 0.000000
vn 0.000000 1.000000 0.000000
vn 0.155096 0.987899 0.000000
vn 0.317837 0.948145 0.000000
vn 0.497455 0.867490 0.000000
vn 0.597453 0.801904 0.000000
vn 0.707107 0.707107 0.000000
vn 0.801904 0.597453 0.000000
vn 0.867490 0.497455 0.000000
vn 0.914386 0.404844 0.000000
vn 0.971997 0.234993 0.000000
vn 1.000000 0.000000 0.000000
vn 0.987899 -0.155096 0.000000
vn 0.948145 -0.317837 0.000000
vn 0.867490 -0.497455 0.000000
vn 0.801904 -0.597453 0.000000
vn 0.707107 -0.707107 0.000000
vn 0.597453 -0.801904 0.000000
vn -0.234993 0.971997 0.000000
vn -0.077087 0.997024 0.000000
vn 0.155096 0.987899 0.000000
vn 0.077087 0.997024 0.000000
vn 0.317837 0.948145 0.000000
vn 0.497455 0.867490 0.000000
vn 0.000000 1.000000 0.000000
vn -0.155096 0.987899 0.000000
vn -0.317837 0.948145 0.000000
vn -0.497455 0.867490 0.000000
vn -0.597453 0.801904 0.000000
vn -0.597453 0.801904 0.000000
vn -0.707107 0.707107 0.000000
vn -0.801904 0.597453 0.000000
vn -0.801904 0.597453 0.000000
vn -0.867490 0.497455 0.000000
vn -0.867490 0.497455 0.000000
vn -0.914386 0.404844 0.000000
vn -0.914386 0.404844 0.000000
vn -0.971997 0.234993 0.000000
vn -0.971997 0.234993 0.000000
vn -1.000000 0.000000 0.000000
vn -1.000000 0.000000 0.000000
vn -0.987899 -0.155096 0.000000
vn -0.948145 -0.317837 0.000000
vn -0.867490 -0.497455 0.000000
vn -0.801904 -0.597453 0.000000
vn -0.707107 -0.707107 0.000000
vn -0.597453 -0.801904 0.000000
vn -0.497455 -0.867490 0.000000
vn -0.404844 -0.914386 0.000000
vn 0.077087 -0.997024 0.000000
vn 0.234993 -0.971997 0.000000
vn 0.597453 0.801904 0.000000
vn 0.707107 0.707107 0.000000
vn 0.801904 0.597453 0.000000
vn 0.867490 0.497455 0.000000
vn 0.914386 0.404844 0.000000
vn 0.971997 0.234993 0.000000
vn 1.000000 0.000000 0.000000
vn 0.987899 -0.155096 0.000000
vn 0.914386 -0.404844 0.000000
vn 0.867490 -0.497455 0.000000
vn 0.801904 -0.597453 0.000000
vn 0.597453 -0.801904 0.000000
vn 0.497455 -0.867490 0.000000
vn 0.404844 -0.914386 0.000000
vn 0.497455 -0.867490 0.000000
vn -0.780639 0.228761 -0.581610
vn -0.688356 0.228761 -0.688356
vn -0.780639 0.228761 -0.581610
vn -0.590395 0.153264 -0.792430
vn -0.491578 0.153264 -0.857241
vn -0.316897 0.076859 -0.945341
vn -0.155096 0.000000 -0.987899
vn 0.316897 -0.076859 -0.945341
vn 0.590395 -0.153264 -0.792430
vn 0.491578 -0.153264 -0.857241
vn 0.688356 -0.228761 -0.688356
vn 0.780639 -0.228761 -0.581610
vn 0.890139 -0.228761 -0.394108
vn 0.969122 -0.234297 -0.076859
vn 0.946222 -0.228761 0.228761
vn 0.780639 -0.228761 0.581610
vn 0.844486 -0.228761 0.484264
vn 0.698753 -0.153264 0.698753
vn 0.491578 -0.153264 0.857241
vn 0.403646 -0.076859 0.911681
vn 0.234297 -0.076859 0.969122
vn -0.154637 0.076859 0.984977
vn -0.400060 0.153264 0.903583
vn 0.445390 -0.534922 0.717974
vn 0.534922 -0.445390 0.717974
vn 0.673887 -0.302905 0.673887
vn 0.707107 0.000000 0.707107
vn 0.698753 0.153264 0.698753
vn 0.673887 0.302905 0.673887
vn 0.534922 0.445390 0.717974
vn 0.445390 0.534922 0.717974
vn 0.375258 0.655432 0.655432
vn 0.153264 0.698753 0.698753
vn 0.000000 0.707107 0.707107
vn -0.153264 0.698753 0.698753
vn -0.445390 0.534922 0.717974
vn -0.534922 0.445390 0.717974
vn -0.673887 0.302905 0.673887
vn -0.698753 0.153264 0.698753
vn -0.707107 0.000000 0.707107
vn -0.705015 -0.076859 0.705015
vn -0.688356 -0.228761 0.688356
vn -0.655432 -0.375258 0.655432
vn -0.553792 -0.375258 0.743301
vn -0.512887 -0.512887 0.688399
vn -0.375258 -0.655432 0.655432
vn -0.153264 -0.698753 0.698753
vn 0.000000 -0.707107 0.707107
vn 0.076859 -0.705015 0.705015
vn 0.228761 -0.688356 0.688356
vn -0.497455 0.867490 0.000000
vn -0.987899 -0.155096 0.000000
vn -0.948145 -0.317837 0.000000
vn -0.867490 -0.497455 0.000000
vn -0.801904 -0.597453 0.000000
vn -0.707107 -0.707107 0.000000
vn -0.597453 -0.801904 0.000000
vn -0.497455 -0.867490 0.000000
vn -0.404844 -0.914386 0.000000
vn -0.234993 -0.971997 0.000000
vn 0.000000 -1.000000 0.000000
vn 0.155096 -0.987899 0.000000
vn 0.317837 -0.948145 0.000000
vn 0.497455 -0.867490 0.000000
vn 0.597453 -0.801904 0.000000
vn 0.707107 -0.707107 0.000000
vn 0.867490 -0.497455 0.000000
vn 0.914386 -0.404844 0.000000
vn 0.971997 -0.234993 0.000000
vn 1.000000 0.000000 0.000000
vn 0.987899 0.155096 0.000000
vn 0.948145 0.317837 0.000000
vn 0.867490 0.497455 0.000000
vn 0.801904 0.597453 0.000000
vn 0.707107 0.707107 0.000000
vn 0.597453 0.801904 0.000000
vn 0.497455 0.867490 0.000000
vn 0.404844 0.914386 0.000000
vn 0.234993 0.971997 0.000000
vn -0.234993 0.971997 0.000000
vn -0.404844 0.914386 0.000000
vn -0.497455 0.867490 0.000000
vn -0.597453 0.801904 0.000000
vn -0.077087 -0.997024 0.000000
vn 0.077087 -0.997024 0.000000
vn 0.234993 -0.971997 0.000000
vn 0.404844 -0.914386 0.000000
vn 0.497455 -0.867490 0.000000
vn 0.597453 -0.801904 0.000000
vn 0.707107 -0.707107 0.000000
vn 0.801904 -0.597453 0.000000
vn 0.867490 -0.497455 0.000000
vn 0.914386 -0.404844 0.000000
vn 0.971997 -0.234993 0.000000
vn 0.997024 -0.077087 0.000000
vn -0.987899 0.155096 0.000000
vn -0.948145 0.317837 0.000000
vn -0.867490 0.497455 0.000000
vn -0.801904 0.597453 0.000000
vn -0.707107 0.707107 0.000000
vn -0.597453 0.801904 0.000000
vn -0.597453 0.801904 0.000000
vn -0.497455 0.867490 0.000000
vn -0.404844 0.914386 0.000000
vn -0.234993 0.971997 0.000000
vn -0.077087 0.997024 0.000000
vn 0.234993 0.971997 0.000000
vn 0.404844 0.914386 0.000000
vn 0.497455 0.867490 0.000000
vn 0.597453 0.801904 0.000000
vn 0.707107 0.707107 0.000000
vn 0.867490 0.497455 0.000000
vn 0.914386 0.404844 0.000000
vn 0.971997 0.234993 0.000000
vn -0.155096 -0.987899 0.000000
vn -0.317837 -0.948145 0.000000
vn -0.497455 -0.867490 0.000000
vn -0.597453 -0.801904 0.000000
vn -0.707107 -0.707107 0.000000
vn -0.801904 -0.597453 0.000000
vn -0.867490 -0.497455 0.000000
vn -0.987899 -0.155096 0.000000
vn -1.000000 0.000000 0.000000
vn 0.076859 0.234297 -0.969122
vn 0.153264 0.153264 -0.976228
vn 0.234297 0.076859 -0.969122
vn 0.234993 0.000000 -0.971997
vn 0.232216 -0.153264 -0.960513
vn 0.153264 -0.232216 -0.960513
vn 0.000000 -0.234993 -0.971997
vn 0.000000 -0.234993 -0.971997
vn -0.076859 -0.495984 -0.864924
vn -0.153264 -0.698753 -0.698753
vn -0.153264 -0.857241 -0.491578
vn -0.153264 -0.960513 -0.232216
vn -0.581610 -0.780639 -0.228761
vn -0.688356 -0.688356 -0.228761
vn -0.607020 -0.607020 -0.512887
vn -0.688399 -0.512887 -0.512887
vn -0.534922 -0.445390 -0.717974
vn -0.385824 -0.302905 -0.871429
vn -0.655432 -0.375258 -0.655432
vn -0.484264 -0.228761 -0.844486
vn -0.234297 -0.076859 -0.969122
vn -0.234297 0.076859 -0.969122
vn -0.153264 0.153264 -0.976228
vn -0.076859 0.234297 -0.969122
vn 0.076859 0.495984 -0.864924
vn 0.076859 0.705015 -0.705015
vn 0.076859 0.864924 -0.495984
vn 0.228761 0.946222 -0.228761
vn 0.484264 0.844486 -0.228761
vn 0.581610 0.780639 -0.228761
vn 0.512887 0.688399 -0.512887
vn 0.607020 0.607020 -0.512887
vn 0.512887 0.512887 -0.688399
vn 0.385824 0.302905 -0.871429
vn 0.484264 0.228761 -0.844486
vn 0.495984 0.076859 -0.864924
vn 0.497455 0.000000 -0.867490
vn 0.491578 -0.153264 -0.857241
vn 0.394108 -0.228761 -0.890139
vn 0.302905 -0.385824 -0.871429
vn 0.153264 -0.491578 -0.857241
vn 0.000000 -0.497455 -0.867490
vn -0.153264 -0.232216 -0.960513
vn -0.780639 -0.581610 -0.228761
vn -0.804094 -0.375258 -0.461102
vn -0.688356 -0.228761 -0.688356
vn -0.495984 -0.076859 -0.864924
vn -0.495984 0.076859 -0.864924
vn -0.394108 0.228761 -0.890139
vn -0.302905 0.385824 -0.871429
vn -0.228761 0.394108 -0.890139
vn -0.153264 0.491578 -0.857241
vn 0.688356 0.688356 -0.228761
vn 0.780639 0.581610 -0.228761
vn 0.688399 0.512887 -0.512887
vn 0.553792 0.375258 -0.743301
vn 0.655432 0.375258 -0.655432
vn 0.688356 0.228761 -0.688356
vn 0.705015 0.076859 -0.705015
vn 0.707107 0.000000 -0.707107
vn 0.698753 -0.153264 -0.698753
vn 0.673887 -0.302905 -0.673887
vn 0.553792 -0.375258 -0.743301
vn 0.512887 -0.512887 -0.688399
vn 0.375258 -0.553792 -0.743301
vn 0.375258 -0.655432 -0.655432
vn 0.228761 -0.688356 -0.688356
vn 0.076859 -0.705015 -0.705015
vn -0.076859 -0.864924 -0.495984
vn -0.076859 -0.969122 -0.234297
vn -0.228761 -0.394108 -0.890139
vn -0.844486 -0.484264 -0.228761
vn -0.705015 -0.076859 -0.705015
vn -0.705015 0.076859 -0.705015
vn -0.688356 0.228761 -0.688356
vn -0.553792 0.375258 -0.743301
vn -0.512887 0.512887 -0.688399
vn -0.375258 0.553792 -0.743301
vn -0.375258 0.655432 -0.655432
vn -0.228761 0.688356 -0.688356
vn -0.076859 0.705015 -0.705015
vn -0.844486 -0.228761 -0.484264
vn -0.864924 -0.076859 -0.495984
vn -0.864924 0.076859 -0.495984
vn -0.844486 0.228761 -0.484264
vn -0.804094 0.375258 -0.461102
vn -0.717974 0.445390 -0.534922
vn -0.607020 0.607020 -0.512887
vn -0.512887 0.688399 -0.512887
vn -0.512887 0.688399 -0.512887
vn -0.375258 0.804094 -0.461102
vn -0.228761 0.844486 -0.484264
vn -0.076859 0.864924 -0.495984
vn -0.076859 0.969122 -0.234297
vn -0.309409 0.923003 -0.228761
vn -0.484264 0.844486 -0.228761
vn -0.581610 0.780639 -0.228761
vn -0.581610 0.780639 -0.228761
vn -0.688356 0.688356 -0.228761
vn -0.780639 0.581610 -0.228761
vn -0.844486 0.484264 -0.228761
vn -0.890139 0.394108 -0.228761
vn -0.946222 0.228761 -0.228761
vn -0.969122 0.076859 -0.234297
vn -0.960513 -0.153264 -0.232216
vn 0.804094 0.375258 -0.461102
vn 0.844486 0.228761 -0.484264
vn 0.864924 0.076859 -0.495984
vn 0.867490 0.000000 -0.497455
vn 0.857241 -0.153264 -0.491578
vn 0.826736 -0.302905 -0.474085
vn 0.717974 -0.445390 -0.534922
vn 0.607020 -0.607020 -0.512887
vn 0.512887 -0.688399 -0.512887
vn 0.375258 -0.804094 -0.461102
vn 0.228761 -0.844486 -0.484264
vn 0.076859 -0.864924 -0.495984
vn 0.309409 -0.923003 -0.228761
vn 0.484264 -0.844486 -0.228761
vn 0.581610 -0.780639 -0.228761
vn 0.688356 -0.688356 -0.228761
vn 0.780639 -0.581610 -0.228761
vn 0.844486 -0.484264 -0.228761
vn 0.890139 -0.394108 -0.228761
vn 0.946222 -0.228761 -0.228761
vn 0.969122 -0.076859 -0.234297
vn 0.960513 0.153264 -0.232216
vn 0.923003 0.309409 -0.228761
vn 0.844486 0.484264 -0.228761
vn 0.228761 0.394108 -0.890139
vn 0.153264 -0.960513 -0.232216
vn -0.302905 -0.673887 -0.673887
vn -0.445390 -0.534922 -0.717974
vn -0.512887 -0.688399 -0.512887
vn -0.484264 -0.844486 -0.228761
vn -0.394108 -0.890139 -0.228761
vn -0.302905 -0.826736 -0.474085
vn 0.394108 0.890139 -0.228761
vn 0.228761 0.844486 -0.484264
vn 0.673887 0.302905 0.673887
vn 0.553792 0.375258 0.743301
vn 0.512887 0.512887 0.688399
vn 0.375258 0.655432 0.655432
vn 0.228761 0.688356 0.688356
vn 0.076859 0.705015 0.705015
vn -0.076859 0.705015 0.705015
vn -0.228761 0.688356 0.688356
vn -0.375258 0.655432 0.655432
vn -0.375258 0.553792 0.743301
vn -0.375258 0.553792 0.743301
vn -0.512887 0.512887 0.688399
vn -0.553792 0.375258 0.743301
vn -0.673887 0.302905 0.673887
vn -0.698753 0.153264 0.698753
vn -0.707107 0.000000 0.707107
vn -0.698753 -0.153264 0.698753
vn -0.673887 -0.302905 0.673887
vn -0.553792 -0.375258 0.743301
vn -0.512887 -0.512887 0.688399
vn -0.375258 -0.655432 0.655432
vn -0.228761 -0.688356 0.688356
vn -0.076859 -0.705015 0.705015
vn 0.000000 -0.707107 0.707107
vn 0.153264 -0.698753 0.698753
vn 0.302905 -0.673887 0.673887
vn 0.375258 -0.553792 0.743301
vn 0.512887 -0.512887 0.688399
vn 0.553792 -0.375258 0.743301
vn 0.673887 -0.302905 0.673887
vn 0.698753 -0.153264 0.698753
vn 0.707107 0.000000 0.707107
vn 0.705015 0.076859 0.705015
vn 0.801904 -0.597453 0.000000
vn 0.317837 0.948145 0.000000
vn 0.234993 0.000000 0.971997
vn 0.234297 0.076859 0.969122
vn 0.316897 -0.076859 0.945341
vn 0.491578 -0.153264 0.857241
vn 0.234297 0.076859 -0.969122
vn -0.914386 -0.404844 0.000000
vn -0.801904 -0.597453 0.000000
vn 0.914386 0.404844 0.000000
vn 0.801904 0.597453 0.000000
vn 0.597453 0.801904 0.000000
vn 0.234993 0.000000 0.971997
vn -0.234297 -0.076859 -0.969122
vn -0.234993 0.000000 -0.971997
vn -0.234993 0.000000 -0.971997
vn 0.780639 -0.228761 -0.581610
vn 0.688356 -0.228761 -0.688356
vn 0.590395 -0.153264 -0.792430
vn 0.491578 -0.153264 -0.857241
vn 0.316897 -0.076859 -0.945341
vn 0.155096 0.000000 -0.987899
vn -0.316897 0.076859 -0.945341
vn -0.590395 0.153264 -0.792430
vn -0.491578 0.153264 -0.857241
vn -0.688356 0.228761 -0.688356
vn -0.780639 0.228761 -0.581610
vn -0.890139 0.228761 -0.394108
vn -0.969122 0.234297 -0.076859
vn -0.946222 0.228761 0.228761
vn -0.780639 0.228761 0.581610
vn -0.844486 0.228761 0.484264
vn -0.698753 0.153264 0.698753
vn -0.491578 0.153264 0.857241
vn -0.403646 0.076859 0.911681
vn -0.234297 0.076859 0.969122
vn 0.154637 -0.076859 0.984977
vn 0.400060 -0.153264 0.903583
vn -0.232216 -0.153264 0.960513
vn -0.234993 0.000000 0.971997
vn -0.234993 0.000000 0.971997
vn 0.317837 0.000000 -0.948145
vn 0.234993 0.000000 -0.971997
vn -0.857241 -0.491578 -0.153264
vn -0.776695 -0.445390 -0.445390
vn -0.698753 -0.698753 -0.153264
vn -0.228761 -0.228761 -0.946222
vn -0.375258 -0.375258 -0.847563
vn -0.314082 -0.153264 -0.936943
vn 0.000000 -0.597453 -0.801904
vn 0.076859 -0.316897 -0.945341
vn -0.867490 -0.497455 0.000000
vn -0.707107 -0.707107 0.000000
vn -0.597453 -0.801904 0.000000
vn -0.497455 -0.867490 0.000000
vn -0.404844 -0.914386 0.000000
vn -0.234993 -0.971997 0.000000
vn 0.971997 0.234993 0.000000
vn 0.867490 0.497455 0.000000
vn 0.707107 0.707107 0.000000
vn 0.497455 0.867490 0.000000
vn -0.234993 0.971997 0.000000
vn -1.000000 0.000000 0.000000
vn -0.971997 -0.234993 0.000000
vn -0.155096 0.987899 0.000000
vn -0.404844 0.914386 0.000000
vn 0.403646 0.911681 0.076859
vn 0.076859 0.994075 0.076859
vn 0.000000 0.997024 0.077087
vn -0.076859 0.994075 0.076859
vn -0.945341 0.316897 0.076859
vn -0.945341 -0.316897 0.076859
vn 0.000000 -0.997024 0.077087
vn 0.945341 0.316897 0.076859
vn 0.232216 -0.960513 -0.153264
vn 0.987899 0.000000 -0.155096
vn 0.960513 0.232216 -0.153264
vn 0.914386 0.000000 -0.404844
vn 0.890139 0.228761 -0.394108
vn 0.698753 0.153264 -0.698753
vn 0.597453 0.000000 -0.801904
vn 0.590395 0.153264 -0.792430
vn 0.316897 0.076859 -0.945341
vn 0.228761 0.228761 -0.946222
vn 0.153264 0.314082 -0.936943
vn 0.000000 0.317837 -0.948145
vn -0.153264 0.314082 -0.936943
vn -0.228761 0.228761 -0.946222
vn -0.314082 0.153264 -0.936943
vn -0.317837 0.000000 -0.948145
vn -0.590395 -0.153264 -0.792430
vn -0.474085 -0.302905 -0.826735
vn -0.655432 -0.375258 -0.655432
vn -0.512887 -0.512887 -0.688399
vn -0.633099 -0.633099 -0.445390
vn -0.445390 -0.776695 -0.445390
vn -0.491578 -0.857241 -0.153264
vn -0.232216 -0.960513 -0.153264
vn 0.000000 -0.987899 -0.155096
vn 0.228761 -0.890139 -0.394108
vn 0.776695 -0.445390 -0.445390
vn 0.890139 -0.228761 -0.394108
vn 0.590395 -0.153264 -0.792430
vn 0.316897 -0.076859 -0.945341
vn 0.857241 0.491578 -0.153264
vn 0.698753 0.698753 -0.153264
vn 0.491578 0.857241 -0.153264
vn 0.232216 0.960513 -0.153264
vn 0.000000 0.987899 -0.155096
vn -0.232216 0.960513 -0.153264
vn -0.491578 0.857241 -0.153264
vn -0.698753 0.698753 -0.153264
vn -0.857241 0.491578 -0.153264
vn -0.960513 0.232216 -0.153264
vn -0.987899 0.000000 -0.155096
vn -0.960513 -0.232216 -0.153264
vn -0.890139 -0.228761 -0.394108
vn -0.698753 -0.153264 -0.698753
vn -0.597453 0.000000 -0.801904
vn -0.590395 0.153264 -0.792430
vn -0.474085 0.302905 -0.826735
vn -0.375258 0.375258 -0.847563
vn -0.302905 0.474085 -0.826735
vn -0.153264 0.590395 -0.792430
vn 0.000000 0.597453 -0.801904
vn 0.153264 0.590395 -0.792430
vn 0.302905 0.474085 -0.826735
vn 0.375258 0.375258 -0.847563
vn 0.474085 0.302905 -0.826735
vn 0.655432 0.375258 -0.655432
vn 0.776695 0.445390 -0.445390
vn -0.375258 -0.655432 -0.655432
vn -0.228761 -0.890139 -0.394108
vn 0.000000 -0.914386 -0.404844
vn 0.474085 -0.302905 -0.826735
vn -0.076859 -0.316897 -0.945341
vn -0.153264 -0.590395 -0.792430
vn -0.302905 -0.474085 -0.826735
vn -0.153264 -0.698753 -0.698753
vn 0.153264 -0.590395 -0.792430
vn 0.633099 0.633099 -0.445390
vn 0.445390 0.776695 -0.445390
vn 0.228761 0.890139 -0.394108
vn 0.000000 0.914386 -0.404844
vn -0.228761 0.890139 -0.394108
vn -0.445390 0.776695 -0.445390
vn -0.633099 0.633099 -0.445390
vn -0.776695 0.445390 -0.445390
vn -0.890139 0.228761 -0.394108
vn -0.914386 0.000000 -0.404844
vn -0.707107 0.000000 -0.707107
vn -0.698753 0.153264 -0.698753
vn -0.655432 0.375258 -0.655432
vn -0.512887 0.512887 -0.688399
vn -0.375258 0.655432 -0.655432
vn -0.153264 0.698753 -0.698753
vn 0.000000 0.707107 -0.707107
vn 0.153264 0.698753 -0.698753
vn 0.375258 0.655432 -0.655432
vn 0.512887 0.512887 -0.688399
vn 0.000000 0.914386 0.404844
vn 0.234297 0.969122 0.076859
vn 0.228761 0.890139 0.394108
vn 0.495984 0.864924 0.076859
vn 0.461102 0.804094 0.375258
vn 0.705015 0.705015 0.076859
vn 0.655432 0.655432 0.375258
vn 0.864924 0.495984 0.076859
vn 0.804094 0.461102 0.375258
vn 0.871429 0.302905 0.385824
vn 0.914386 0.000000 0.404844
vn 0.871429 -0.302905 0.385824
vn 0.743301 -0.553792 0.375258
vn 0.461102 -0.804094 0.375258
vn 0.228761 -0.890139 0.394108
vn 0.000000 -0.914386 0.404844
vn -0.234297 -0.969122 0.076859
vn -0.228761 -0.890139 0.394108
vn -0.495984 -0.864924 0.076859
vn -0.461102 -0.804094 0.375258
vn -0.705015 -0.705015 0.076859
vn -0.655432 -0.655432 0.375258
vn -0.864924 -0.495984 0.076859
vn -0.804094 -0.461102 0.375258
vn -0.871429 -0.302905 0.385824
vn -0.914386 0.000000 0.404844
vn -0.871429 0.302905 0.385824
vn -0.743301 0.553792 0.375258
vn -0.461102 0.804094 0.375258
vn -0.228761 0.890139 0.394108
vn -0.228761 0.780639 0.581610
vn 0.000000 0.801904 0.597453
vn 0.153264 0.698753 0.698753
vn 0.153264 0.491578 0.857241
vn 0.375258 0.655432 0.655432
vn 0.445390 0.534922 0.717974
vn 0.375258 0.375258 0.847563
vn 0.655432 0.375258 0.655432
vn 0.474085 0.302905 0.826735
vn 0.688356 0.228761 0.688356
vn 0.491578 0.153264 0.857241
vn 0.497455 0.000000 0.867490
vn 0.491578 -0.153264 0.857241
vn 0.385824 -0.302905 0.871429
vn 0.302905 -0.474085 0.826735
vn 0.153264 -0.491578 0.857241
vn 0.000000 -0.497455 0.867490
vn -0.153264 -0.698753 0.698753
vn -0.153264 -0.491578 0.857241
vn -0.375258 -0.655432 0.655432
vn -0.445390 -0.534922 0.717974
vn -0.375258 -0.375258 0.847563
vn -0.655432 -0.375258 0.655432
vn -0.474085 -0.302905 0.826735
vn -0.688356 -0.228761 0.688356
vn -0.491578 -0.153264 0.857241
vn -0.497455 0.000000 0.867490
vn -0.491578 0.153264 0.857241
vn -0.385824 0.302905 0.871429
vn -0.302905 0.474085 0.826735
vn -0.153264 0.491578 0.857241
vn 0.000000 0.497455 0.867490
vn 0.000000 0.317837 0.948145
vn 0.153264 0.314082 0.936943
vn 0.228761 0.228761 0.946222
vn 0.314082 0.153264 0.936943
vn 0.317837 0.000000 0.948145
vn 0.228761 -0.228761 0.946222
vn 0.153264 -0.314082 0.936943
vn 0.000000 -0.317837 0.948145
vn -0.153264 -0.314082 0.936943
vn -0.316897 -0.076859 0.945341
vn -0.316897 0.076859 0.945341
vn -0.228761 0.228761 0.946222
vn -0.153264 0.314082 0.936943
vn -0.445390 0.717974 0.534922
vn -0.607020 0.512887 0.607020
vn -0.764231 0.302905 0.569385
vn -0.801904 0.000000 0.597453
vn -0.764231 -0.302905 0.569385
vn -0.717974 -0.445390 0.534922
vn -0.512887 -0.607020 0.607020
vn -0.375258 -0.743301 0.553792
vn -0.228761 -0.780639 0.581610
vn 0.000000 -0.801904 0.597453
vn 0.228761 -0.780639 0.581610
vn 0.445390 -0.717974 0.534922
vn 0.607020 -0.512887 0.607020
vn 0.764231 -0.302905 0.569385
vn 0.801904 0.000000 0.597453
vn 0.764231 0.302905 0.569385
vn 0.717974 0.445390 0.534922
vn 0.512887 0.607020 0.607020
vn 0.375258 0.743301 0.553792
vn 0.228761 0.780639 0.581610
vn -0.987899 -0.155096 0.000000
vn 0.801904 0.597453 0.000000
vn -0.404844 0.914386 0.000000
vn -0.597453 0.801904 0.000000
vn -0.597453 -0.801904 0.000000
vn -0.404844 -0.914386 0.000000
vn 0.404844 0.914386 0.000000
vn 0.597453 0.801904 0.000000
vn -0.801904 -0.597453 0.000000
vn 0.404844 -0.914386 0.000000
vn 0.155096 -0.987899 0.000000
vn 0.987899 0.155096 0.000000
vn -0.404844 0.914386 0.000000
vn -0.497455 0.867490 0.000000
vn 1.000000 0.000000 0.000000
vn 1.000000 0.000000 0.000000
vn 1.000000 0.000000 0.000000
vn 1.000000 0.000000 0.000000
vn 0.000000 0.801904 0.597453
vn 0.000000 0.801904 0.597453
vn 0.000000 0.867490 0.497455
vn 0.000000 0.867490 0.497455
vn 0.000000 0.948145 0.317837
vn 0.000000 0.948145 0.317837
vn 0.000000 0.987899 0.155096
vn 0.000000 0.987899 0.155096
vn 0.000000 1.000000 0.000000
vn 0.000000 0.987899 -0.155096
vn 0.000000 0.948145 -0.317837
vn 0.000000 0.948145 -0.317837
vn 0.000000 0.867490 -0.497455
vn 0.000000 0.867490 -0.497455
vn 0.000000 0.801904 -0.597453
vn 0.000000 0.801904 -0.597453
vn 0.000000 0.707107 -0.707107
vn 0.000000 0.707107 -0.707107
vn 0.000000 0.597453 -0.801904
vn 0.000000 0.597453 -0.801904
vn 0.000000 0.497455 -0.867490
vn 0.000000 0.497455 -0.867490
vn 0.000000 0.404844 -0.914386
vn 0.000000 0.404844 -0.914386
vn 0.000000 0.155096 -0.987899
vn 0.000000 0.155096 -0.987899
vn 0.000000 0.000000 -1.000000
vn 0.000000 0.000000 -1.000000
vn 0.000000 -0.155096 -0.987899
vn 0.000000 -0.155096 -0.987899
vn 0.000000 -0.404844 -0.914386
vn 0.000000 -0.404844 -0.914386
vn 0.000000 -0.497455 -0.867490
vn 0.000000 -0.497455 -0.867490
vn 0.000000 -0.597453 -0.801904
vn 0.000000 -0.597453 -0.801904
vn 0.000000 -0.707107 -0.707107
vn 0.000000 -0.707107 -0.707107
vn 0.000000 -0.801904 -0.597453
vn 0.000000 -0.801904 -0.597453
vn 0.000000 -0.867490 -0.497455
vn 0.000000 -0.867490 -0.497455
vn 0.000000 -0.948145 -0.317837
vn 0.000000 -0.948145 -0.317837
vn 0.000000 -0.987899 -0.155096
vn 0.000000 -1.000000 0.000000
vn 0.000000 -0.987899 0.155096
vn 0.000000 -0.987899 0.155096
vn 0.000000 -0.948145 0.317837
vn 0.000000 -0.948145 0.317837
vn 0.000000 -0.867490 0.497455
vn 0.000000 -0.867490 0.497455
vn 0.000000 -0.801904 0.597453
vn 0.000000 -0.801904 0.597453
vn 0.000000 -0.707107 0.707107
vn 0.000000 -0.707107 0.707107
vn 0.000000 -0.597453 0.801904
vn 0.000000 -0.597453 0.801904
vn 0.000000 -0.497455 0.867490
vn 0.000000 -0.497455 0.867490
vn 0.000000 -0.404844 0.914386
vn 0.000000 -0.404844 0.914386
vn 0.000000 -0.155096 0.987899
vn 0.000000 -0.155096 0.987899
vn 0.000000 0.000000 1.000000
vn 0.000000 0.155096 0.987899
vn 0.000000 0.155096 0.987899
vn 0.000000 0.404844 0.914386
vn 0.000000 0.404844 0.914386
vn 0.000000 0.497455 0.867490
vn 0.000000 0.497455 0.867490
vn 0.000000 0.597453 0.801904
vn 0.000000 0.597453 0.801904
vn 0.000000 0.707107 0.707107
vn 0.000000 0.707107 0.707107
vn 0.000000 -0.867490 -0.497455
vn 0.000000 -0.948145 -0.317837
vn 0.000000 -0.987899 -0.155096
vn 0.000000 -1.000000 0.000000
vn 0.000000 -0.987899 0.155096
vn 0.000000 -0.948145 0.317837
vn 0.000000 -0.867490 0.497455
vn 0.000000 -0.801904 0.597453
vn 0.000000 -0.707107 0.707107
vn 0.000000 -0.597453 0.801904
vn 0.000000 -0.497455 0.867490
vn 0.000000 -0.404844 0.914386
vn 0.000000 -0.155096 0.987899
vn 0.000000 0.155096 0.987899
vn 0.000000 0.317837 0.948145
vn 0.000000 0.497455 0.867490
vn 0.000000 0.597453 0.801904
vn 0.000000 0.707107 0.707107
vn 0.000000 0.801904 0.597453
vn 0.000000 0.867490 0.497455
vn 0.000000 0.948145 0.317837
vn 0.000000 0.987899 0.155096
vn 0.000000 1.000000 0.000000
vn 0.000000 0.987899 -0.155096
vn 0.000000 0.948145 -0.317837
vn 0.000000 0.867490 -0.497455
vn 0.000000 0.801904 -0.597453
vn 0.000000 0.707107 -0.707107
vn 0.000000 0.597453 -0.801904
vn 0.000000 0.497455 -0.867490
vn 0.000000 0.404844 -0.914386
vn 0.000000 0.155096 -0.987899
vn 0.000000 0.155096 -0.987899
vn 0.000000 0.000000 -1.000000
vn 0.000000 -0.155096 -0.987899
vn 0.000000 -0.317837 -0.948145
vn 0.000000 -0.497455 -0.867490
vn 0.000000 -0.597453 -0.801904
vn 0.000000 -0.707107 -0.707107
vn 0.000000 -0.801904 -0.597453
vn 0.000000 0.000000 1.000000
vn 0.000000 0.155096 0.987899
vn 0.000000 -0.155096 0.987899
vn 0.000000 0.000000 1.000000
vn 0.000000 0.155096 0.987899
vn 0.000000 0.404844 0.914386
vn 0.000000 0.597453 0.801904
vn 0.000000 0.801904 0.597453
vn 0.000000 0.948145 0.317837
vn 0.000000 0.497455 -0.867490
vn 0.000000 0.155096 -0.987899
vn 0.000000 -0.404844 -0.914386
vn 0.000000 -0.597453 -0.801904
vn 0.000000 -0.948145 0.317837
vn 0.000000 -0.801904 0.597453
vn 0.000000 -0.597453 0.801904
vn 0.000000 -0.404844 0.914386
vn 0.000000 0.404844 -0.914386
vn 0.000000 0.155096 -0.987899
vn 0.000000 -0.404844 -0.914386
vn 0.234993 -0.971997 0.000000
vn 0.234993 0.971997 0.000000
vn 0.000000 -0.801904 0.597453
vn 0.000000 0.801904 0.597453
vn 0.000000 0.707107 0.707107
vn 0.000000 0.597453 0.801904
vn 0.000000 0.497455 0.867490
vn 0.000000 0.404844 0.914386
vn 0.000000 -0.801904 0.597453
vn 0.000000 0.317837 -0.948145
vn 0.000000 0.497455 -0.867490
vn 0.000000 0.597453 -0.801904
vn 0.000000 0.597453 -0.801904
vn 0.404844 -0.914386 0.000000
vn 0.497455 -0.867490 0.000000
vn 0.597453 -0.801904 0.000000
vn 0.707107 -0.707107 0.000000
vn 0.801904 -0.597453 0.000000
vn 0.867490 -0.497455 0.000000
vn 0.914386 -0.404844 0.000000
vn 0.971997 -0.234993 0.000000
vn 0.987899 0.155096 0.000000
vn 0.948145 0.317837 0.000000
vn 0.914386 0.404844 0.000000
vn 0.867490 0.497455 0.000000
vn 0.801904 0.597453 0.000000
vn 0.707107 0.707107 0.000000
vn 0.597453 0.801904 0.000000
vn 0.497455 0.867490 0.000000
vn -0.077087 0.997024 0.000000
vn -0.404844 0.914386 0.000000
vn -0.497455 0.867490 0.000000
vn -0.597453 0.801904 0.000000
vn -0.707107 0.707107 0.000000
vn -0.801904 0.597453 0.000000
vn -0.867490 0.497455 0.000000
vn -0.914386 0.404844 0.000000
vn -0.971997 0.234993 0.000000
vn -0.971997 0.234993 0.000000
vn -0.987899 -0.155096 0.000000
vn -0.948145 -0.317837 0.000000
vn -0.914386 -0.404844 0.000000
vn -0.867490 -0.497455 0.000000
vn -0.801904 -0.597453 0.000000
vn -0.707107 -0.707107 0.000000
vn -0.597453 -0.801904 0.000000
vn -0.497455 -0.867490 0.000000
vn -0.404844 -0.914386 0.000000
vn 0.000000 -0.801904 -0.597453
vn 0.000000 -0.801904 -0.597453
vn 0.000000 0.801904 -0.597453
vn 0.000000 0.597453 0.801904
vn 1.000000 0.000000 0.000000
vn 0.971997 0.234993 0.000000
vn 0.971997 -0.234993 0.000000
vn -0.997024 -0.077087 0.000000
vn -0.997024 0.077087 0.000000
vn 0.000000 1.000000 0.000000
vn 0.867490 -0.497455 0.000000
vn -0.867490 0.497455 0.000000
vn 0.997024 0.077087 0.000000
vn -0.234993 0.971997 0.000000
vn -1.000000 0.000000 0.000000
vn 0.000000 0.000000 1.000000
vn -0.400060 -0.903583 -0.153264
vn -0.309409 -0.923003 -0.228761
vn -0.302905 -0.826736 -0.474085
vn -0.153264 -0.857241 -0.491578
vn -0.302905 -0.764231 -0.569385
vn 0.394108 -0.890139 -0.228761
vn 0.314082 -0.936943 -0.153264
vn 0.000000 0.317837 0.948145
vn 0.000000 -0.317837 0.948145
vn 0.000000 -0.317837 -0.948145
vn 0.153264 -0.976228 0.153264
vn -0.461102 0.375258 0.804094
vn -0.607020 0.512887 0.607020
vn 0.000000 -0.597453 -0.801904
vn 0.000000 -0.404844 -0.914386
vn 0.000000 0.000000 -1.000000
vn 0.000000 1.000000 0.000000
vn 0.000000 1.000000 0.000000
vn 0.000000 -1.000000 0.000000
vn 0.000000 -1.000000 0.000000
vn 0.000000 0.000000 -1.000000
vn 0.000000 -0.987899 -0.155096
vn 0.000000 0.987899 -0.155096
vn -0.385824 0.302905 -0.871429
vn -0.302905 0.385824 -0.871429
vn -0.302905 0.569385 -0.764231
vn -0.153264 0.590395 -0.792430
vn -0.302905 0.673887 -0.673887
vn -0.153264 0.698753 -0.698753
vn -0.302905 0.764231 -0.569385
vn -0.153264 0.792430 -0.590395
vn -0.302905 0.826736 -0.474085
vn -0.153264 0.857241 -0.491578
vn -0.153264 0.903583 -0.400060
vn -0.309409 0.923003 -0.228761
vn -0.153264 0.960513 -0.232216
vn -0.317837 0.948145 0.000000
vn -0.155096 0.987899 0.000000
vn -0.314082 0.936943 0.153264
vn -0.153264 0.976228 0.153264
vn -0.302905 0.871429 0.385824
vn -0.153264 0.903583 0.400060
vn -0.153264 0.857241 0.491578
vn -0.302905 0.764231 0.569385
vn -0.153264 0.792430 0.590395
vn -0.302905 0.673887 0.673887
vn -0.153264 0.698753 0.698753
vn -0.302905 0.569385 0.764231
vn -0.153264 0.590395 0.792430
vn -0.302905 0.385824 0.871429
vn -0.153264 0.400060 0.903583
vn -0.076859 0.234297 0.969122
vn 0.076859 0.234297 0.969122
vn 0.153264 0.400060 0.903583
vn 0.302905 0.385824 0.871429
vn 0.302905 0.569385 0.764231
vn 0.445390 0.534922 0.717974
vn 0.302905 0.673887 0.673887
vn 0.445390 0.633099 0.633099
vn 0.302905 0.764231 0.569385
vn 0.445390 0.717974 0.534922
vn 0.302905 0.826736 0.474085
vn 0.445390 0.776695 0.445390
vn 0.375258 0.847563 0.375258
vn 0.309409 0.923003 0.228761
vn 0.400060 0.903583 0.153264
vn 0.317837 0.948145 0.000000
vn 0.400060 0.903583 -0.153264
vn 0.309409 0.923003 -0.228761
vn 0.302905 0.871429 -0.385824
vn 0.153264 0.960513 -0.232216
vn 0.153264 0.903583 -0.400060
vn -0.153264 0.400060 -0.903583
vn -0.076859 0.234297 -0.969122
vn -0.228761 0.309409 -0.923003
vn -0.445390 0.534922 0.717974
vn -0.445390 0.633099 0.633099
vn -0.445390 0.717974 0.534922
vn -0.445390 0.776695 0.445390
vn -0.394108 0.890139 0.228761
vn -0.400060 0.903583 -0.153264
vn -0.375258 0.847563 -0.375258
vn -0.445390 0.776695 -0.445390
vn -0.445390 0.717974 -0.534922
vn -0.445390 0.633099 -0.633099
vn -0.445390 0.534922 -0.717974
vn 0.000000 -0.155096 0.987899
vn 0.000000 0.155096 0.987899
vn 0.000000 0.597453 0.801904
vn 0.000000 0.707107 0.707107
vn 0.000000 0.801904 0.597453
vn 0.000000 0.867490 0.497455
vn 0.000000 0.914386 0.404844
vn 0.000000 0.971997 0.234993
vn 0.000000 0.987899 0.155096
vn 0.000000 1.000000 0.000000
vn 0.000000 0.987899 -0.155096
vn 0.000000 0.914386 -0.404844
vn 0.000000 0.867490 -0.497455
vn 0.000000 0.801904 -0.597453
vn 0.000000 0.707107 -0.707107
vn 0.000000 0.597453 -0.801904
vn 0.000000 0.404844 -0.914386
vn 0.000000 0.155096 -0.987899
vn 0.000000 -0.155096 -0.987899
vn 0.000000 -0.597453 -0.801904
vn 0.000000 -0.707107 -0.707107
vn 0.000000 -0.801904 -0.597453
vn 0.000000 -0.867490 -0.497455
vn 0.000000 -0.914386 -0.404844
vn 0.000000 -0.971997 -0.234993
vn 0.000000 -1.000000 0.000000
vn 0.000000 -0.987899 0.155096
vn 0.000000 -0.987899 0.155096
vn 0.000000 -0.914386 0.404844
vn 0.000000 -0.867490 0.497455
vn 0.000000 -0.801904 0.597453
vn 0.000000 -0.707107 0.707107
vn 0.000000 -0.597453 0.801904
vn 0.000000 0.000000 1.000000
vn 0.076859 0.234297 -0.969122
vn 0.153264 0.400060 -0.903583
vn 0.302905 0.385824 -0.871429
vn 0.302905 0.569385 -0.764231
vn 0.445390 0.534922 -0.717974
vn 0.445390 0.633099 -0.633099
vn 0.302905 0.673887 -0.673887
vn 0.445390 0.717974 -0.534922
vn 0.302905 0.764231 -0.569385
vn 0.445390 0.776695 -0.445390
vn -0.597453 0.801904 0.000000
vn -0.801904 0.597453 0.000000
vn -0.867490 0.497455 0.000000
vn -0.948145 0.317837 0.000000
vn -0.987899 0.155096 0.000000
vn -0.987899 -0.155096 0.000000
vn -0.948145 -0.317837 0.000000
vn -0.867490 -0.497455 0.000000
vn -0.801904 -0.597453 0.000000
vn -0.597453 -0.801904 0.000000
vn -0.385824 0.302905 0.871429
vn 0.385824 0.302905 0.871429
vn 0.597453 -0.801904 0.000000
vn 0.801904 -0.597453 0.000000
vn 0.867490 -0.497455 0.000000
vn 0.948145 -0.317837 0.000000
vn 0.987899 -0.155096 0.000000
vn 1.000000 0.000000 0.000000
vn 0.987899 0.155096 0.000000
vn 0.948145 0.317837 0.000000
vn 0.867490 0.497455 0.000000
vn 0.801904 0.597453 0.000000
vn 0.597453 0.801904 0.000000
vn 0.597453 -0.801904 0.000000
vn 0.801904 -0.597453 0.000000
vn 0.867490 -0.497455 0.000000
vn 0.914386 -0.404844 0.000000
vn 0.987899 -0.155096 0.000000
vn 0.987899 0.155096 0.000000
vn 0.914386 0.404844 0.000000
vn 0.867490 0.497455 0.000000
vn 0.801904 0.597453 0.000000
vn 0.597453 0.801904 0.000000
vn -0.385824 0.302905 -0.871429
vn -0.302905 0.385824 -0.871429
vn -0.302905 0.569385 -0.764231
vn -0.153264 0.590395 -0.792430
vn -0.302905 0.673887 -0.673887
vn -0.153264 0.698753 -0.698753
vn -0.302905 0.764231 -0.569385
vn -0.153264 0.792430 -0.590395
vn -0.302905 0.826736 -0.474085
vn -0.153264 0.857241 -0.491578
vn -0.153264 0.903583 -0.400060
vn -0.309409 0.923003 -0.228761
vn -0.153264 0.960513 -0.232216
vn -0.317837 0.948145 0.000000
vn -0.155096 0.987899 0.000000
vn -0.314082 0.936943 0.153264
vn -0.153264 0.976228 0.153264
vn -0.302905 0.871429 0.385824
vn -0.153264 0.903583 0.400060
vn -0.153264 0.857241 0.491578
vn -0.302905 0.764231 0.569385
vn -0.153264 0.792430 0.590395
vn -0.302905 0.673887 0.673887
vn -0.153264 0.698753 0.698753
vn -0.302905 0.569385 0.764231
vn -0.153264 0.590395 0.792430
vn -0.302905 0.385824 0.871429
vn -0.153264 0.400060 0.903583
vn -0.076859 0.234297 0.969122
vn 0.076859 0.234297 0.969122
vn 0.153264 0.400060 0.903583
vn 0.302905 0.385824 0.871429
vn 0.302905 0.569385 0.764231
vn 0.445390 0.534922 0.717974
vn 0.302905 0.673887 0.673887
vn 0.445390 0.633099 0.633099
vn 0.445390 0.717974 0.534922
vn 0.302905 0.764231 0.569385
vn 0.445390 0.776695 0.445390
vn 0.302905 0.826736 0.474085
vn 0.153264 0.857241 0.491578
vn 0.153264 0.903583 0.400060
vn 0.000000 0.707107 -0.707107
vn -0.153264 0.400060 -0.903583
vn -0.076859 0.234297 -0.969122
vn -0.228761 0.309409 -0.923003
vn -0.445390 0.534922 0.717974
vn -0.445390 0.633099 0.633099
vn -0.445390 0.717974 0.534922
vn -0.445390 0.776695 0.445390
vn -0.394108 0.890139 0.228761
vn -0.400060 0.903583 -0.153264
vn -0.375258 0.847563 -0.375258
vn -0.445390 0.776695 -0.445390
vn -0.445390 0.717974 -0.534922
vn -0.445390 0.633099 -0.633099
vn -0.445390 0.534922 -0.717974
vn -1.000000 0.000000 0.000000
vn -0.597453 0.801904 0.000000
vn -0.801904 0.597453 0.000000
vn -0.867490 0.497455 0.000000
vn -0.914386 0.404844 0.000000
vn -0.987899 0.155096 0.000000
vn -1.000000 0.000000 0.000000
vn -0.987899 -0.155096 0.000000
vn -0.914386 -0.404844 0.000000
vn -0.867490 -0.497455 0.000000
vn -0.801904 -0.597453 0.000000
vn -0.597453 -0.801904 0.000000
vn 0.076859 0.234297 -0.969122
vn 0.153264 0.400060 -0.903583
vn 0.302905 0.385824 -0.871429
vn 0.302905 0.569385 -0.764231
vn 0.445390 0.534922 -0.717974
vn 0.445390 0.633099 -0.633099
vn 0.302905 0.673887 -0.673887
vn 0.445390 0.717974 -0.534922
vn 0.302905 0.764231 -0.569385
vn 0.445390 0.776695 -0.445390
vn 0.302905 0.826736 -0.474085
vn 0.375258 0.847563 -0.375258
vn 0.394108 0.890139 -0.228761
vn 0.314082 0.936943 -0.153264
vn 0.404844 0.914386 0.000000
vn 0.400060 0.903583 0.153264
vn 0.309409 0.923003 0.228761
vn 0.375258 0.847563 0.375258
vn 0.385824 0.302905 -0.871429
vn -0.385824 0.302905 0.871429
vn 0.385824 0.302905 0.871429
vn 0.385824 -0.302905 -0.871429
vn 0.302905 -0.385824 -0.871429
vn 0.375258 -0.553792 -0.743301
vn 0.153264 -0.590395 -0.792430
vn -0.153264 -0.590395 -0.792430
vn -0.302905 -0.569385 -0.764231
vn -0.445390 -0.534922 -0.717974
vn -0.445390 -0.633099 -0.633099
vn -0.302905 -0.673887 -0.673887
vn -0.153264 -0.792430 -0.590395
vn 0.153264 -0.903583 -0.400060
vn 0.153264 -0.960513 -0.232216
vn 0.309409 -0.923003 -0.228761
vn 0.400060 -0.903583 -0.153264
vn 0.317837 -0.948145 0.000000
vn 0.314082 -0.936943 0.153264
vn 0.394108 -0.890139 0.228761
vn 0.375258 -0.847563 0.375258
vn 0.302905 -0.826736 0.474085
vn 0.153264 -0.903583 0.400060
vn 0.153264 -0.857241 0.491578
vn -0.153264 -0.903583 0.400060
vn -0.153264 -0.857241 0.491578
vn -0.302905 -0.871429 0.385824
vn -0.445390 -0.776695 0.445390
vn -0.445390 -0.717974 0.534922
vn -0.302905 -0.764231 0.569385
vn -0.445390 -0.633099 0.633099
vn -0.302905 -0.673887 0.673887
vn -0.445390 -0.534922 0.717974
vn -0.302905 -0.569385 0.764231
vn -0.302905 -0.385824 0.871429
vn -0.228761 -0.309409 0.923003
vn -0.153264 -0.400060 0.903583
vn -0.076859 -0.234297 0.969122
vn 0.076859 -0.234297 0.969122
vn 0.153264 -0.400060 0.903583
vn 0.302905 -0.385824 0.871429
vn 0.302905 -0.569385 0.764231
vn 0.445390 -0.534922 0.717974
vn 0.445390 -0.633099 0.633099
vn 0.302905 -0.673887 0.673887
vn 0.445390 -0.717974 0.534922
vn 0.302905 -0.764231 0.569385
vn 0.445390 -0.776695 0.445390
vn 0.385824 -0.302905 -0.871429
vn 0.302905 -0.385824 -0.871429
vn 0.375258 -0.553792 -0.743301
vn 0.153264 -0.590395 -0.792430
vn -0.153264 -0.590395 -0.792430
vn -0.302905 -0.569385 -0.764231
vn -0.445390 -0.534922 -0.717974
vn -0.445390 -0.633099 -0.633099
vn -0.302905 -0.673887 -0.673887
vn -0.445390 -0.717974 -0.534922
vn -0.302905 -0.764231 -0.569385
vn -0.445390 -0.776695 -0.445390
vn -0.302905 -0.826736 -0.474085
vn -0.153264 -0.903583 -0.400060
vn -0.153264 -0.960513 -0.232216
vn 0.153264 -0.976228 -0.153264
vn 0.155096 -0.987899 0.000000
vn 0.317837 -0.948145 0.000000
vn 0.314082 -0.936943 0.153264
vn 0.394108 -0.890139 0.228761
vn 0.302905 -0.871429 0.385824
vn 0.445390 -0.776695 0.445390
vn 0.302905 -0.764231 0.569385
vn 0.445390 -0.717974 0.534922
vn 0.302905 -0.673887 0.673887
vn 0.445390 -0.633099 0.633099
vn 0.302905 -0.569385 0.764231
vn 0.445390 -0.534922 0.717974
vn 0.302905 -0.385824 0.871429
vn 0.385824 -0.302905 0.871429
vn -0.385824 -0.302905 0.871429
vn -0.302905 -0.385824 0.871429
vn -0.375258 -0.553792 0.743301
vn -0.153264 -0.590395 0.792430
vn 0.153264 -0.590395 0.792430
vn 0.153264 -0.698753 0.698753
vn 0.153264 -0.792430 0.590395
vn 0.153264 -0.857241 0.491578
vn 0.153264 -0.903583 0.400060
vn 0.153264 -0.960513 0.232216
vn -0.375258 -0.847563 -0.375258
vn 0.385824 0.302905 -0.871429
vn -0.394108 -0.890139 0.228761
vn -0.314082 -0.936943 0.153264
vn -0.404844 -0.914386 0.000000
vn -0.400060 -0.903583 -0.153264
vn -0.309409 -0.923003 -0.228761
vn -0.375258 -0.847563 -0.375258
vn -0.153264 -0.903583 -0.400060
vn 0.155096 -0.987899 0.000000
vn 0.153264 -0.976228 0.153264
vn -0.153264 -0.960513 0.232216
vn -0.155096 -0.987899 0.000000
vn -0.153264 -0.976228 -0.153264
vn -0.302905 -0.673887 0.673887
vn -0.445390 -0.633099 0.633099
vn -0.302905 -0.764231 0.569385
vn -0.445390 -0.717974 0.534922
vn -0.302905 -0.826736 0.474085
vn -0.445390 -0.776695 0.445390
vn -0.375258 -0.847563 0.375258
vn -0.394108 -0.890139 0.228761
vn -0.314082 -0.936943 0.153264
vn -0.317837 -0.948145 0.000000
vn -0.153264 -0.976228 0.153264
vn -0.155096 -0.987899 0.000000
vn -0.153264 -0.698753 0.698753
vn 0.153264 0.590395 0.792430
vn -0.153264 -0.903583 0.400060
vn -0.153264 -0.857241 0.491578
vn -0.153264 -0.792430 0.590395
vn -0.445390 -0.717974 -0.534922
vn -0.445390 -0.776695 -0.445390
vn -0.385824 -0.302905 -0.871429
vn -0.302905 -0.385824 -0.871429
vn 0.153264 0.590395 -0.792430
vn 0.153264 0.698753 -0.698753
vn 0.153264 0.792430 -0.590395
vn 0.153264 0.857241 -0.491578
vn 0.153264 0.698753 0.698753
vn 0.153264 0.792430 0.590395
vn 0.153264 0.857241 0.491578
vn 0.153264 0.903583 0.400060
vn 0.153264 0.960513 0.232216
vn 0.155096 0.987899 0.000000
vn -0.302905 -0.385824 -0.871429
vn -0.385824 -0.302905 -0.871429
vn -0.153264 -0.590395 0.792430
vn -0.153264 -0.698753 0.698753
vn -0.153264 -0.792430 0.590395
vn 0.153264 -0.792430 0.590395
vn 0.000000 0.707107 0.707107
vn 0.153264 0.590395 0.792430
vn -0.153264 -0.857241 -0.491578
vn -0.153264 -0.792430 -0.590395
vn -0.153264 -0.698753 -0.698753
vn 0.153264 -0.698753 -0.698753
vn 0.302905 -0.673887 -0.673887
vn 0.153264 0.792430 0.590395
vn 0.153264 0.698753 0.698753
vn 0.153264 -0.698753 0.698753
vn 0.153264 -0.590395 0.792430
vn 0.445390 -0.633099 -0.633099
vn 0.302905 -0.764231 -0.569385
vn 0.445390 -0.717974 -0.534922
vn 0.445390 -0.776695 -0.445390
vn 0.302905 -0.826736 -0.474085
vn 0.375258 -0.847563 -0.375258
vn 0.153264 -0.903583 -0.400060
vn 0.153264 -0.792430 -0.590395
vn 0.153264 -0.857241 -0.491578
vn 0.153264 0.590395 -0.792430
vn 0.153264 0.698753 -0.698753
vn 0.153264 0.792430 -0.590395
vn 0.153264 0.857241 -0.491578
vn 0.153264 0.903583 -0.400060
vn 0.153264 0.960513 -0.232216
vn 0.155096 0.987899 0.000000
vn 0.153264 0.976228 0.153264
vn 0.000000 0.497455 -0.867490
vn 0.000000 0.497455 0.867490
vn 0.000000 -0.497455 0.867490
vn 0.000000 -0.497455 -0.867490
vn 0.302905 -0.673887 -0.673887
vn 0.445390 -0.633099 -0.633099
vn 0.302905 -0.764231 -0.569385
vn 0.445390 -0.717974 -0.534922
vn 0.302905 -0.826736 -0.474085
vn 0.445390 -0.776695 -0.445390
vn 0.375258 -0.847563 -0.375258
vn 0.153264 -0.698753 -0.698753
vn 0.153264 -0.792430 -0.590395
vn 0.153264 -0.857241 -0.491578
vn -0.153264 -0.698753 -0.698753
vn 0.000000 0.000000 1.000000
vn -0.234297 -0.076859 0.969122
vn -0.234297 0.076859 0.969122
vn -0.495984 0.076859 0.864924
vn -0.400060 0.153264 0.903583
vn -0.595686 0.076859 0.799532
vn -0.792430 0.153264 0.590395
vn -0.903583 0.153264 0.400060
vn -0.976228 0.153264 0.153264
vn -0.936943 0.314082 0.153264
vn -0.936943 0.153264 -0.314082
vn -0.903602 0.302906 -0.302905
vn -0.595686 0.076859 -0.799532
vn -0.581610 0.228761 -0.780639
vn -0.461102 0.375258 -0.804094
vn -0.375258 0.461102 -0.804094
vn -0.228761 0.581610 -0.780639
vn -0.076859 0.595686 -0.799532
vn 0.228761 0.581610 -0.780639
vn 0.375258 0.461102 -0.804094
vn 0.461102 0.375258 -0.804094
vn 0.581610 0.228761 -0.780639
vn 0.595686 0.076859 -0.799532
vn 0.445390 -0.445390 -0.776695
vn 0.314082 -0.936943 0.153264
vn 0.153264 -0.903583 0.400060
vn -0.153264 -0.792430 0.590395
vn -0.228761 -0.581610 0.780639
vn -0.153264 -0.400060 0.903583
vn -0.076859 -0.234297 0.969122
vn -0.153264 -0.153264 0.976228
vn -0.400060 -0.153264 0.903583
vn -0.495984 -0.076859 0.864924
vn -0.590395 -0.153264 0.792430
vn -0.780639 -0.228761 0.581610
vn -0.890139 -0.228761 0.394108
vn -0.936943 -0.314082 0.153264
vn -0.976228 -0.153264 0.153264
vn -0.595686 -0.076859 -0.799532
vn -0.153264 0.153264 0.976228
vn -0.076859 0.234297 0.969122
vn 0.076859 0.234297 0.969122
vn 0.153264 0.153264 0.976228
vn 0.234297 0.076859 0.969122
vn 0.234993 0.000000 0.971997
vn 0.153264 -0.153264 0.976228
vn 0.076859 -0.234297 0.969122
vn -0.764231 0.302905 -0.569385
vn -0.792430 0.590395 0.153264
vn -0.698753 0.698753 0.153264
vn -0.633099 0.633099 0.445390
vn -0.534922 0.717974 0.445390
vn -0.512887 0.607020 0.607020
vn -0.375258 0.743301 0.553792
vn -0.302905 0.569385 0.764231
vn -0.153264 0.400060 0.903583
vn 0.153264 0.400060 0.903583
vn 0.302905 0.385824 0.871429
vn 0.385824 0.302905 0.871429
vn 0.400060 0.153264 0.903583
vn 0.495984 0.076859 0.864924
vn 0.497455 0.000000 0.867490
vn 0.400060 -0.153264 0.903583
vn 0.385824 -0.302905 0.871429
vn 0.302905 -0.385824 0.871429
vn 0.153264 -0.400060 0.903583
vn -0.987899 0.000000 0.155096
vn -0.914386 0.000000 0.404844
vn -0.801904 0.000000 0.597453
vn -0.581610 -0.228761 -0.780639
vn -0.461102 -0.375258 -0.804094
vn -0.375258 -0.461102 -0.804094
vn -0.302905 -0.569385 -0.764231
vn -0.302905 -0.903602 -0.302906
vn -0.314082 -0.936943 0.153264
vn -0.153264 -0.976228 0.153264
vn -0.302905 -0.871429 0.385824
vn -0.153264 -0.903583 0.400060
vn -0.302905 -0.385824 0.871429
vn -0.385824 -0.302905 0.871429
vn -0.804094 -0.375258 0.461102
vn -0.871429 -0.385824 -0.302905
vn -0.764231 -0.302905 -0.569385
vn -0.590395 0.792430 0.153264
vn -0.445390 0.776695 0.445390
vn -0.228761 0.780639 0.581610
vn 0.228761 0.581610 0.780639
vn 0.375258 0.461102 0.804094
vn 0.461102 0.375258 0.804094
vn 0.569385 0.302905 0.764231
vn 0.590395 0.153264 0.792430
vn 0.597453 0.000000 0.801904
vn 0.590395 -0.153264 0.792430
vn 0.569385 -0.302905 0.764231
vn 0.461102 -0.375258 0.804094
vn 0.375258 -0.461102 0.804094
vn 0.302905 -0.569385 0.764231
vn -0.375258 0.461102 0.804094
vn -0.717974 0.534922 0.445390
vn -0.857241 0.491578 0.153264
vn -0.375258 -0.743301 -0.553792
vn -0.491578 -0.857241 0.153264
vn -0.445390 -0.776695 0.445390
vn -0.375258 -0.743301 0.553792
vn -0.375258 -0.461102 0.804094
vn -0.461102 -0.375258 0.804094
vn -0.569385 -0.302905 0.764231
vn -0.655432 -0.375258 0.655432
vn -0.857241 -0.491578 0.153264
vn -0.491578 0.857241 0.153264
vn -0.302905 0.871429 0.385824
vn 0.153264 0.792430 0.590395
vn 0.375258 0.743301 0.553792
vn 0.512887 0.607020 0.607020
vn 0.607020 0.512887 0.607020
vn 0.655432 0.375258 0.655432
vn 0.764231 0.302905 0.569385
vn 0.792430 0.153264 0.590395
vn 0.801904 0.000000 0.597453
vn 0.792430 -0.153264 0.590395
vn 0.764231 -0.302905 0.569385
vn 0.655432 -0.375258 0.655432
vn 0.607020 -0.512887 0.607020
vn 0.512887 -0.607020 0.607020
vn 0.375258 -0.743301 0.553792
vn 0.228761 -0.780639 0.581610
vn -0.302905 0.385824 0.871429
vn -0.776695 0.445390 0.445390
vn -0.590395 -0.792430 0.153264
vn -0.534922 -0.717974 0.445390
vn -0.512887 -0.607020 0.607020
vn -0.607020 -0.512887 0.607020
vn -0.717974 -0.534922 0.445390
vn -0.792430 -0.590395 0.153264
vn -0.314082 0.936943 0.153264
vn -0.153264 0.903583 0.400060
vn 0.153264 0.903583 0.400060
vn 0.302905 0.871429 0.385824
vn 0.445390 0.776695 0.445390
vn 0.534922 0.717974 0.445390
vn 0.633099 0.633099 0.445390
vn 0.717974 0.534922 0.445390
vn 0.776695 0.445390 0.445390
vn 0.890139 0.228761 0.394108
vn 0.914386 0.000000 0.404844
vn 0.903583 -0.153264 0.400060
vn 0.804094 -0.375258 0.461102
vn 0.717974 -0.534922 0.445390
vn 0.633099 -0.633099 0.445390
vn 0.534922 -0.717974 0.445390
vn 0.445390 -0.776695 0.445390
vn 0.302905 -0.871429 0.385824
vn -0.633099 -0.633099 0.445390
vn -0.698753 -0.698753 0.153264
vn -0.474085 0.826735 -0.302905
vn -0.153264 0.976228 0.153264
vn 0.153264 0.976228 0.153264
vn 0.314082 0.936943 0.153264
vn 0.491578 0.857241 0.153264
vn 0.590395 0.792430 0.153264
vn 0.698753 0.698753 0.153264
vn 0.792430 0.590395 0.153264
vn 0.857241 0.491578 0.153264
vn 0.903583 0.400060 0.153264
vn 0.976228 0.153264 0.153264
vn 0.987899 0.000000 0.155096
vn 0.976228 -0.153264 0.153264
vn 0.936943 -0.314082 0.153264
vn 0.857241 -0.491578 0.153264
vn 0.792430 -0.590395 0.153264
vn 0.698753 -0.698753 0.153264
vn 0.590395 -0.792430 0.153264
vn 0.491578 -0.857241 0.153264
vn -0.385824 0.302905 0.871429
vn 0.764231 -0.302905 -0.569385
vn -0.302905 0.903602 -0.302906
vn -0.375258 0.743301 -0.553792
vn 0.903602 -0.302906 -0.302905
vn 0.936943 -0.153264 -0.314082
vn 0.764231 0.302905 -0.569385
vn 0.302905 0.903602 -0.302906
vn -0.153264 0.960513 -0.232216
vn -0.302905 0.826736 -0.474085
vn 0.375258 0.743301 -0.553792
vn -0.153264 0.857241 -0.491578
vn 0.871429 0.385824 -0.302905
vn -0.764231 0.302905 0.569385
vn -0.581610 0.228761 0.780639
vn 0.375258 -0.743301 -0.553792
vn -0.655432 0.375258 0.655432
vn 0.000000 -0.707107 0.707107
vn 0.000000 -0.497455 0.867490
vn 0.000000 0.497455 0.867490
vn 0.000000 0.707107 0.707107
vn 0.000000 0.801904 0.597453
vn 0.000000 0.867490 0.497455
vn 0.000000 0.867490 0.497455
vn 0.000000 0.948145 0.317837
vn 0.000000 0.987899 0.155096
vn 0.000000 1.000000 0.000000
vn 0.000000 0.987899 -0.155096
vn 0.000000 0.948145 -0.317837
vn 0.000000 0.948145 -0.317837
vn 0.000000 0.867490 -0.497455
vn 0.000000 0.867490 -0.497455
vn 0.000000 0.801904 -0.597453
vn 0.000000 0.801904 -0.597453
vn 0.000000 0.707107 -0.707107
vn 0.000000 0.497455 -0.867490
vn 0.000000 -0.707107 -0.707107
vn 0.000000 -0.801904 -0.597453
vn 0.000000 -0.801904 -0.597453
vn 0.000000 -0.867490 -0.497455
vn 0.000000 -0.867490 -0.497455
vn 0.000000 -0.948145 -0.317837
vn 0.000000 -0.948145 -0.317837
vn 0.000000 -0.987899 -0.155096
vn 0.000000 -1.000000 0.000000
vn 0.000000 -0.987899 0.155096
vn 0.000000 -0.948145 0.317837
vn 0.000000 -0.867490 0.497455
vn 0.000000 -0.867490 0.497455
vn 0.000000 -0.801904 0.597453
vn 0.000000 -0.707107 -0.707107
vn 0.000000 -0.867490 -0.497455
vn 0.000000 -0.948145 -0.317837
vn 0.000000 -0.987899 -0.155096
vn 0.000000 -0.987899 0.155096
vn 0.000000 -0.948145 0.317837
vn 0.000000 -0.867490 0.497455
vn 0.000000 -0.801904 0.597453
vn 0.000000 -0.707107 0.707107
vn 0.000000 -0.597453 0.801904
vn 0.000000 -0.404844 0.914386
vn 0.000000 -0.155096 0.987899
vn 0.000000 0.000000 1.000000
vn 0.000000 0.155096 0.987899
vn 0.000000 0.404844 0.914386
vn 0.000000 0.597453 0.801904
vn 0.000000 0.707107 0.707107
vn 0.000000 0.801904 0.597453
vn 0.000000 0.867490 0.497455
vn 0.000000 0.948145 0.317837
vn 0.000000 0.987899 0.155096
vn 0.000000 0.987899 -0.155096
vn 0.000000 0.867490 -0.497455
vn 0.000000 -0.155096 -0.987899
vn -0.153264 -0.400060 -0.903583
vn -0.076859 -0.234297 -0.969122
vn 0.076859 -0.234297 -0.969122
vn 0.153264 -0.400060 -0.903583
vn -0.153264 -0.400060 0.903583
vn 0.153264 -0.400060 0.903583
vn 0.076859 -0.234297 0.969122
vn -0.076859 -0.234297 0.969122
vn -0.228761 -0.309409 0.923003
vn 0.000000 -0.497455 -0.867490
vn 0.000000 0.497455 0.867490
vn 0.000000 -0.497455 0.867490
vn 0.597453 -0.801904 0.000000
vn 0.997024 0.077087 0.000000
vn 0.914386 0.404844 0.000000
vn 0.801904 0.597453 0.000000
vn 0.597453 0.801904 0.000000
vn 0.317837 0.948145 0.000000
vn 0.317837 0.948145 0.000000
vn 0.000000 1.000000 0.000000
vn -0.317837 0.948145 0.000000
vn -0.317837 0.948145 0.000000
vn -0.597453 0.801904 0.000000
vn -0.801904 0.597453 0.000000
vn -0.914386 0.404844 0.000000
vn -1.000000 0.000000 0.000000
vn -0.914386 -0.404844 0.000000
vn -0.801904 -0.597453 0.000000
vn -0.707107 -0.707107 0.000000
vn -0.597453 -0.801904 0.000000
vn -0.317837 -0.948145 0.000000
vn 0.000000 -1.000000 0.000000
vn 0.317837 -0.948145 0.000000
vn 0.597453 -0.801904 0.000000
vn 0.801904 -0.597453 0.000000
vn 0.914386 -0.404844 0.000000
vn 0.997024 -0.077087 0.000000
vn 0.076859 -0.234297 -0.969122
vn 0.153264 -0.400060 -0.903583
vn -0.153264 -0.400060 -0.903583
vn -0.076859 -0.234297 -0.969122
vn -0.385824 -0.302905 0.871429
vn 0.385824 -0.302905 0.871429

usemtl mat_1
f 47 4 27
f 4 2 27
f 27 2 48
f 2 8 48
f 48 8 75
f 8 71 75
f 75 71 70
f 71 91 70
f 70 91 90
f 91 92 90
f 90 92 91
f 92 92 91
f 91 92 168
f 92 177 168
f 168 177 12
f 177 100 12
f 12 100 177
f 100 100 177
f 177 100 178
f 100 195 178
f 178 195 71
f 195 75 71
f 71 75 31
f 75 16 31
f 31 16 200
f 16 62 200
f 200 62 211
f 62 61 211
f 211 61 217
f 61 32 217
f 217 32 199
f 32 217 199
f 199 217 199
f 217 218 199
f 199 218 222
f 218 51 222
f 222 51 19
f 51 19 19
f 19 19 51
f 19 52 51
f 51 52 230
f 52 61 230
f 230 61 211
f 61 231 211
f 211 231 200
f 231 16 200
f 200 16 137
f 16 414 137
f 137 414 424
f 414 123 424
f 424 123 426
f 123 427 426
f 426 427 8
f 427 5 8
f 8 5 2
f 5 7 2
f 2 7 1
f 7 6 1
f 1 6 413
f 6 472 413
f 413 472 223
f 472 413 223
f 223 413 223
f 413 52 223
f 223 52 52
f 52 473 52
f 52 473 10
f 473 10 10
f 10 10 473
f 10 78 473
f 473 78 87
f 78 88 87
f 87 88 38
f 88 38 38
f 38 38 88
f 38 474 88
f 88 474 38
f 474 474 38
f 38 474 475
f 474 38 475
f 475 38 475
f 38 419 475
f 475 419 8
f 419 5 8
f 8 5 2
f 5 4 2
f 2 4 3
f 4 27 3
f 3 27 421
f 27 469 421
f 421 469 186
f 469 421 186
f 186 421 186
f 421 108 186
f 186 108 108
f 108 186 108
f 108 186 209
f 186 108 209
f 209 108 209
f 108 64 209
f 209 64 28
f 64 203 28
f 28 203 177
f 203 28 177
f 177 28 177
f 28 12 177
f 177 12 12
f 12 177 12
f 12 177 672
f 177 12 672
f 672 12 672
f 12 467 672
f 672 467 678
f 467 469 678
f 678 469 60
f 469 60 60
f 60 60 469
f 60 229 469
f 469 229 476
f 229 473 476
f 476 473 49
f 473 49 49
f 49 49 473
f 49 679 473
f 473 679 15
f 679 232 15
f 15 232 31
f 232 31 31
f 31 31 232
f 31 200 232
f 232 200 520
f 200 694 520
f 520 694 695
f 694 708 695
f 695 708 709
f 708 710 709
f 709 710 727
f 710 728 727
f 727 728 510
f 728 750 510
f 510 750 751
f 750 752 751
f 751 752 761
f 752 727 761
f 761 727 510
f 727 764 510
f 510 764 731
f 764 765 731
f 731 765 780
f 765 691 780
f 780 691 781
f 691 783 781
f 781 783 520
f 783 695 520
f 520 695 792
f 695 791 792
f 792 791 711
f 791 801 711
f 711 801 750
f 801 773 750
f 750 773 700
f 773 786 700
f 700 786 536
f 786 720 536
f 536 720 281
f 720 812 281
f 281 812 724
f 812 812 724
f 724 812 799
f 812 497 799
f 799 497 788
f 497 817 788
f 788 817 811
f 817 819 811
f 811 819 797
f 819 281 797
f 797 281 797
f 281 812 797
f 797 812 737
f 812 828 737
f 737 828 822
f 828 809 822
f 822 809 831
f 809 832 831
f 831 832 88
f 832 857 88
f 88 857 858
f 857 859 858
f 858 859 860
f 859 475 860
f 860 475 756
f 475 826 756
f 756 826 871
f 826 859 871
f 871 859 475
f 859 21 475
f 475 21 858
f 21 212 858
f 858 212 88
f 212 872 88
f 88 872 209
f 872 186 209
f 209 186 873
f 186 187 873
f 873 187 843
f 187 757 843
f 843 757 756
f 757 826 756
f 756 826 738
f 826 741 738
f 738 741 814
f 741 720 814
f 814 720 797
f 720 461 797
f 797 461 281
f 461 797 281
f 281 797 715
f 797 829 715
f 715 829 788
f 829 809 788
f 788 809 809
f 809 788 809
f 809 788 832
f 788 832 832
f 832 832 786
f 832 700 786
f 786 700 686
f 700 807 686
f 686 807 756
f 807 756 756
f 756 756 806
f 756 826 806
f 806 826 827
f 826 806 827
f 827 806 774
f 806 745 774
f 774 745 771
f 745 815 771
f 771 815 720
f 815 281 720
f 720 281 715
f 281 704 715
f 715 704 829
f 704 809 829
f 829 809 704
f 809 809 704
f 704 809 832
f 809 814 832
f 832 814 739
f 814 822 739
f 739 822 813
f 822 822 813
f 813 822 734
f 822 761 734
f 734 761 728
f 761 868 728
f 728 868 799
f 868 868 799
f 799 868 307
f 868 738 307
f 307 738 822
f 738 739 822
f 822 739 724
f 739 307 724
f 724 307 868
f 307 843 868
f 868 843 844
f 843 873 844
f 844 873 209
f 873 874 209
f 209 874 838
f 874 203 838
f 838 203 834
f 203 820 834
f 834 820 672
f 820 176 672
f 672 176 866
f 176 820 866
f 866 820 677
f 820 101 677
f 677 101 820
f 101 101 820
f 820 101 179
f 101 194 179
f 179 194 73
f 194 821 73
f 73 821 821
f 821 73 821
f 821 73 72
f 73 475 72
f 72 475 667
f 475 93 667
f 667 93 475
f 93 93 475
f 475 93 169
f 93 200 169
f 169 200 31
f 200 16 31
f 31 16 880
f 16 61 880
f 880 61 62
f 61 231 62
f 62 231 200
f 231 16 200
f 200 16 881
f 16 50 881
f 881 50 52
f 50 881 52
f 52 881 52
f 881 849 52
f 52 849 230
f 849 61 230
f 230 61 880
f 61 899 880
f 880 899 711
f 899 793 711
f 711 793 782
f 793 900 782
f 782 900 901
f 900 901 901
f 901 901 900
f 901 19 900
f 900 19 902
f 19 200 902
f 902 200 763
f 200 763 763
f 763 763 200
f 763 903 200
f 200 903 749
f 903 773 749
f 749 773 26
f 773 729 26
f 26 729 200
f 729 905 200
f 200 905 712
f 905 711 712
f 712 711 791
f 711 694 791
f 791 694 906
f 694 19 906
f 906 19 972
f 19 777 972
f 972 777 973
f 777 977 973
f 973 977 978
f 977 782 978
f 978 782 984
f 782 787 984
f 984 787 985
f 787 996 985
f 985 996 763
f 996 997 763
f 763 997 100
f 997 178 100
f 100 178 177
f 178 100 177
f 177 100 177
f 100 12 177
f 177 12 92
f 12 168 92
f 92 168 91
f 168 75 91
f 91 75 195
f 75 71 195
f 195 71 16
f 71 231 16
f 16 231 200
f 231 61 200
f 200 61 211
f 61 230 211
f 211 230 52
f 230 19 52
f 52 19 50
f 19 50 50
f 50 50 19
f 50 881 19
f 19 881 783
f 881 1517 783
f 783 1517 1518
f 1517 1526 1518
f 1518 1526 990
f 1526 1527 990
f 990 1527 1531
f 1527 1530 1531
f 1531 1530 762
f 1530 814 762
f 762 814 1538
f 814 1001 1538
f 1538 1001 1541
f 1001 1531 1541
f 1541 1531 762
f 1531 1543 762
f 762 1543 813
f 1543 1544 813
f 813 1544 1550
f 1544 803 1550
f 1550 803 1551
f 803 1558 1551
f 1551 1558 781
f 1558 1559 781
f 781 1559 1560
f 1559 783 1560
f 1560 783 1518
f 783 1562 1518
f 1518 1562 712
f 1562 3 712
f 712 3 1559
f 3 690 1559
f 1559 690 1558
f 690 1551 1558
f 1558 1551 748
f 1551 1550 748
f 748 1550 1544
f 1550 734 1544
f 1544 734 1543

